Setting up [LPIPS] perceptual loss: trunk [vgg], v[0.1], spatial [off]Setting up [LPIPS] perceptual loss: trunk [vgg], v[0.1], spatial [off]Setting up [LPIPS] perceptual loss: trunk [vgg], v[0.1], spatial [off]Setting up [LPIPS] perceptual loss: trunk [vgg], v[0.1], spatial [off]



/home/jian/.local/share/mamba/envs/fastwam/lib/python3.10/site-packages/torchvision/models/_utils.py:208: UserWarning: The parameter 'pretrained' is deprecated since 0.13 and may be removed in the future, please use 'weights' instead.
  warnings.warn(
/home/jian/.local/share/mamba/envs/fastwam/lib/python3.10/site-packages/torchvision/models/_utils.py:208: UserWarning: The parameter 'pretrained' is deprecated since 0.13 and may be removed in the future, please use 'weights' instead.
  warnings.warn(
/home/jian/.local/share/mamba/envs/fastwam/lib/python3.10/site-packages/torchvision/models/_utils.py:208: UserWarning: The parameter 'pretrained' is deprecated since 0.13 and may be removed in the future, please use 'weights' instead.
  warnings.warn(
/home/jian/.local/share/mamba/envs/fastwam/lib/python3.10/site-packages/torchvision/models/_utils.py:208: UserWarning: The parameter 'pretrained' is deprecated since 0.13 and may be removed in the future, please use 'weights' instead.
  warnings.warn(
/home/jian/.local/share/mamba/envs/fastwam/lib/python3.10/site-packages/torchvision/models/_utils.py:223: UserWarning: Arguments other than a weight enum or `None` for 'weights' are deprecated since 0.13 and may be removed in the future. The current behavior is equivalent to passing `weights=VGG16_Weights.IMAGENET1K_V1`. You can also use `weights=VGG16_Weights.DEFAULT` to get the most up-to-date weights.
  warnings.warn(msg)
/home/jian/.local/share/mamba/envs/fastwam/lib/python3.10/site-packages/torchvision/models/_utils.py:223: UserWarning: Arguments other than a weight enum or `None` for 'weights' are deprecated since 0.13 and may be removed in the future. The current behavior is equivalent to passing `weights=VGG16_Weights.IMAGENET1K_V1`. You can also use `weights=VGG16_Weights.DEFAULT` to get the most up-to-date weights.
  warnings.warn(msg)
/home/jian/.local/share/mamba/envs/fastwam/lib/python3.10/site-packages/torchvision/models/_utils.py:223: UserWarning: Arguments other than a weight enum or `None` for 'weights' are deprecated since 0.13 and may be removed in the future. The current behavior is equivalent to passing `weights=VGG16_Weights.IMAGENET1K_V1`. You can also use `weights=VGG16_Weights.DEFAULT` to get the most up-to-date weights.
  warnings.warn(msg)
/home/jian/.local/share/mamba/envs/fastwam/lib/python3.10/site-packages/torchvision/models/_utils.py:223: UserWarning: Arguments other than a weight enum or `None` for 'weights' are deprecated since 0.13 and may be removed in the future. The current behavior is equivalent to passing `weights=VGG16_Weights.IMAGENET1K_V1`. You can also use `weights=VGG16_Weights.DEFAULT` to get the most up-to-date weights.
  warnings.warn(msg)
Loading model from: /data2/jian/vae-speedup/decoder-speedup/.venv/lib/python3.10/site-packages/lpips/weights/v0.1/vgg.pth
Loading model from: /data2/jian/vae-speedup/decoder-speedup/.venv/lib/python3.10/site-packages/lpips/weights/v0.1/vgg.pth
Loading model from: /data2/jian/vae-speedup/decoder-speedup/.venv/lib/python3.10/site-packages/lpips/weights/v0.1/vgg.pth
Loading model from: /data2/jian/vae-speedup/decoder-speedup/.venv/lib/python3.10/site-packages/lpips/weights/v0.1/vgg.pth
/home/jian/.local/share/mamba/envs/fastwam/lib/python3.10/site-packages/torch/distributed/distributed_c10d.py:4631: UserWarning: No device id is provided via `init_process_group` or `barrier `. Using the current device set by the user. 
  warnings.warn(  # warn only once
/home/jian/.local/share/mamba/envs/fastwam/lib/python3.10/site-packages/torch/distributed/distributed_c10d.py:4631: UserWarning: No device id is provided via `init_process_group` or `barrier `. Using the current device set by the user. 
  warnings.warn(  # warn only once
/home/jian/.local/share/mamba/envs/fastwam/lib/python3.10/site-packages/torch/distributed/distributed_c10d.py:4631: UserWarning: No device id is provided via `init_process_group` or `barrier `. Using the current device set by the user. 
  warnings.warn(  # warn only once
/home/jian/.local/share/mamba/envs/fastwam/lib/python3.10/site-packages/torch/distributed/distributed_c10d.py:4631: UserWarning: No device id is provided via `init_process_group` or `barrier `. Using the current device set by the user. 
  warnings.warn(  # warn only once
wandb: Currently logged in as: jxx3451 (miaoyin-uta) to https://api.wandb.ai. Use `wandb login --relogin` to force relogin
wandb: setting up run 85cbe9c8
wandb: Tracking run with wandb version 0.23.1
wandb: Run data is saved locally in /data2/jian/vae-speedup/decoder-speedup/runs/wan22-amd-width-turbo-10k-20261001/wandb-logs/wandb/run-20261001_055550-85cbe9c8
wandb: Run `wandb offline` to turn off syncing.
wandb: Resuming run wan22-amd-width-turbo-10k-20261001
wandb: ⭐️ View project at https://wandb.ai/miaoyin-uta/vae-speedup
wandb: 🚀 View run at https://wandb.ai/miaoyin-uta/vae-speedup/runs/85cbe9c8
/home/jian/.local/share/mamba/envs/fastwam/lib/python3.10/site-packages/torch/distributed/distributed_c10d.py:4631: UserWarning: No device id is provided via `init_process_group` or `barrier `. Using the current device set by the user. 
  warnings.warn(  # warn only once
wandb: updating run metadata
wandb: uploading config.yaml
wandb: 
wandb: Run history:
wandb:                     gan/active ▁
wandb:                  gan/g_gan_max ▁
wandb:                 gan/g_gan_mean ▁
wandb:             gan/gan_weight_max ▁
wandb:            gan/gan_weight_mean ▁
wandb:   monitor/sdk_log_calls_so_far ▁
wandb:  monitor/sdk_log_ms_max_so_far ▁
wandb: monitor/sdk_log_seconds_so_far ▁
wandb:           monitor/window_start ▁
wandb:         monitor/window_updates ▁
wandb:                            +31 ...
wandb: 
wandb: Run summary:
wandb:            best/lpips 0.8028
wandb:     best/lpips_update 40
wandb:          best/psnr_db 11.36672
wandb:   best/psnr_db_update 40
wandb:             best/ssim 0.25905
wandb:      best/ssim_update 40
wandb: discriminator_updates 0
wandb:          failure_type 
wandb:            gan/active 0
wandb:         gan/g_gan_max 0
wandb:                   +51 ...
wandb: 
wandb: 🚀 View run wan22-amd-width-turbo-10k-20261001 at: https://wandb.ai/miaoyin-uta/vae-speedup/runs/85cbe9c8
wandb: ⭐️ View project at: https://wandb.ai/miaoyin-uta/vae-speedup
wandb: Synced 4 W&B file(s), 0 media file(s), 0 artifact file(s) and 0 other file(s)
wandb: Find logs at: ./runs/wan22-amd-width-turbo-10k-20261001/wandb-logs/wandb/run-20261001_055550-85cbe9c8/logs
/home/jian/.local/share/mamba/envs/fastwam/lib/python3.10/site-packages/torch/distributed/distributed_c10d.py:4631: UserWarning: No device id is provided via `init_process_group` or `barrier `. Using the current device set by the user. 
  warnings.warn(  # warn only once
Setting up [LPIPS] perceptual loss: trunk [vgg], v[0.1], spatial [off]
/home/jian/.local/share/mamba/envs/fastwam/lib/python3.10/site-packages/torchvision/models/_utils.py:208: UserWarning: The parameter 'pretrained' is deprecated since 0.13 and may be removed in the future, please use 'weights' instead.
  warnings.warn(
/home/jian/.local/share/mamba/envs/fastwam/lib/python3.10/site-packages/torchvision/models/_utils.py:223: UserWarning: Arguments other than a weight enum or `None` for 'weights' are deprecated since 0.13 and may be removed in the future. The current behavior is equivalent to passing `weights=VGG16_Weights.IMAGENET1K_V1`. You can also use `weights=VGG16_Weights.DEFAULT` to get the most up-to-date weights.
  warnings.warn(msg)
Setting up [LPIPS] perceptual loss: trunk [vgg], v[0.1], spatial [off]
/home/jian/.local/share/mamba/envs/fastwam/lib/python3.10/site-packages/torchvision/models/_utils.py:208: UserWarning: The parameter 'pretrained' is deprecated since 0.13 and may be removed in the future, please use 'weights' instead.
  warnings.warn(
/home/jian/.local/share/mamba/envs/fastwam/lib/python3.10/site-packages/torchvision/models/_utils.py:223: UserWarning: Arguments other than a weight enum or `None` for 'weights' are deprecated since 0.13 and may be removed in the future. The current behavior is equivalent to passing `weights=VGG16_Weights.IMAGENET1K_V1`. You can also use `weights=VGG16_Weights.DEFAULT` to get the most up-to-date weights.
  warnings.warn(msg)
Setting up [LPIPS] perceptual loss: trunk [vgg], v[0.1], spatial [off]
/home/jian/.local/share/mamba/envs/fastwam/lib/python3.10/site-packages/torchvision/models/_utils.py:208: UserWarning: The parameter 'pretrained' is deprecated since 0.13 and may be removed in the future, please use 'weights' instead.
  warnings.warn(
/home/jian/.local/share/mamba/envs/fastwam/lib/python3.10/site-packages/torchvision/models/_utils.py:223: UserWarning: Arguments other than a weight enum or `None` for 'weights' are deprecated since 0.13 and may be removed in the future. The current behavior is equivalent to passing `weights=VGG16_Weights.IMAGENET1K_V1`. You can also use `weights=VGG16_Weights.DEFAULT` to get the most up-to-date weights.
  warnings.warn(msg)
Setting up [LPIPS] perceptual loss: trunk [vgg], v[0.1], spatial [off]
/home/jian/.local/share/mamba/envs/fastwam/lib/python3.10/site-packages/torchvision/models/_utils.py:208: UserWarning: The parameter 'pretrained' is deprecated since 0.13 and may be removed in the future, please use 'weights' instead.
  warnings.warn(
/home/jian/.local/share/mamba/envs/fastwam/lib/python3.10/site-packages/torchvision/models/_utils.py:223: UserWarning: Arguments other than a weight enum or `None` for 'weights' are deprecated since 0.13 and may be removed in the future. The current behavior is equivalent to passing `weights=VGG16_Weights.IMAGENET1K_V1`. You can also use `weights=VGG16_Weights.DEFAULT` to get the most up-to-date weights.
  warnings.warn(msg)
Loading model from: /data2/jian/vae-speedup/decoder-speedup/.venv/lib/python3.10/site-packages/lpips/weights/v0.1/vgg.pth
Loading model from: /data2/jian/vae-speedup/decoder-speedup/.venv/lib/python3.10/site-packages/lpips/weights/v0.1/vgg.pth
Loading model from: /data2/jian/vae-speedup/decoder-speedup/.venv/lib/python3.10/site-packages/lpips/weights/v0.1/vgg.pth
Loading model from: /data2/jian/vae-speedup/decoder-speedup/.venv/lib/python3.10/site-packages/lpips/weights/v0.1/vgg.pth
/home/jian/.local/share/mamba/envs/fastwam/lib/python3.10/site-packages/torch/distributed/distributed_c10d.py:4631: UserWarning: No device id is provided via `init_process_group` or `barrier `. Using the current device set by the user. 
  warnings.warn(  # warn only once
/home/jian/.local/share/mamba/envs/fastwam/lib/python3.10/site-packages/torch/distributed/distributed_c10d.py:4631: UserWarning: No device id is provided via `init_process_group` or `barrier `. Using the current device set by the user. 
  warnings.warn(  # warn only once
/home/jian/.local/share/mamba/envs/fastwam/lib/python3.10/site-packages/torch/distributed/distributed_c10d.py:4631: UserWarning: No device id is provided via `init_process_group` or `barrier `. Using the current device set by the user. 
  warnings.warn(  # warn only once
/home/jian/.local/share/mamba/envs/fastwam/lib/python3.10/site-packages/torch/distributed/distributed_c10d.py:4631: UserWarning: No device id is provided via `init_process_group` or `barrier `. Using the current device set by the user. 
  warnings.warn(  # warn only once
wandb: Currently logged in as: jxx3451 (miaoyin-uta) to https://api.wandb.ai. Use `wandb login --relogin` to force relogin
wandb: setting up run 85cbe9c8
wandb: Tracking run with wandb version 0.23.1
wandb: Run data is saved locally in /data2/jian/vae-speedup/decoder-speedup/runs/wan22-amd-width-turbo-10k-20261001/wandb-logs/wandb/run-20261001_055708-85cbe9c8
wandb: Run `wandb offline` to turn off syncing.
wandb: Resuming run wan22-amd-width-turbo-10k-20261001
wandb: ⭐️ View project at https://wandb.ai/miaoyin-uta/vae-speedup
wandb: 🚀 View run at https://wandb.ai/miaoyin-uta/vae-speedup/runs/85cbe9c8
/home/jian/.local/share/mamba/envs/fastwam/lib/python3.10/site-packages/torch/distributed/distributed_c10d.py:4631: UserWarning: No device id is provided via `init_process_group` or `barrier `. Using the current device set by the user. 
  warnings.warn(  # warn only once
{"generator_updates": 50, "discriminator_updates": 0, "microbatches": 400, "stage": "reconstruction", "loss": 0.9992325305938721, "l1": 0.1988876461982727, "lpips": 0.6020481586456299, "feature": 0.19829678535461426, "g_gan": 0.0, "gan_weight": 0.0, "g_grad_norm": 11.122371673583984, "update_seconds": 1.3461596062406898}
{"generator_updates": 100, "discriminator_updates": 0, "microbatches": 800, "stage": "reconstruction", "loss": 0.8254556655883789, "l1": 0.14941003918647766, "lpips": 0.5382033586502075, "feature": 0.13784228265285492, "g_gan": 0.0, "gan_weight": 0.0, "g_grad_norm": 21.045421600341797, "update_seconds": 1.3301514592021704}
[h264 @ 0x56c438a35f80] mmco: unref short failure
[h264 @ 0x56c438a35f80] mmco: unref short failure
{"generator_updates": 150, "discriminator_updates": 0, "microbatches": 1200, "stage": "reconstruction", "loss": 0.7451071739196777, "l1": 0.14599356055259705, "lpips": 0.49750736355781555, "feature": 0.10160624980926514, "g_gan": 0.0, "gan_weight": 0.0, "g_grad_norm": 24.39553451538086, "update_seconds": 1.2936473460868}
{"generator_updates": 200, "discriminator_updates": 0, "microbatches": 1600, "stage": "reconstruction", "loss": 0.7004382610321045, "l1": 0.1376837193965912, "lpips": 0.48588985204696655, "feature": 0.07686473429203033, "g_gan": 0.0, "gan_weight": 0.0, "g_grad_norm": 21.83026695251465, "update_seconds": 1.2790544955059886}
{"generator_updates": 250, "discriminator_updates": 0, "microbatches": 2000, "stage": "reconstruction", "loss": 0.6598010063171387, "l1": 0.13437730073928833, "lpips": 0.456937313079834, "feature": 0.06848637759685516, "g_gan": 0.0, "gan_weight": 0.0, "g_grad_norm": 22.292034149169922, "update_seconds": 1.3100400706753135}
{"generator_updates": 300, "discriminator_updates": 0, "microbatches": 2400, "stage": "reconstruction", "loss": 0.6002397537231445, "l1": 0.11902657151222229, "lpips": 0.4290778338909149, "feature": 0.052135344594717026, "g_gan": 0.0, "gan_weight": 0.0, "g_grad_norm": 11.297038078308105, "update_seconds": 1.3505087494850159}
[h264 @ 0x57e592db8380] mmco: unref short failure
{"generator_updates": 350, "discriminator_updates": 0, "microbatches": 2800, "stage": "reconstruction", "loss": 0.5161845684051514, "l1": 0.10370924323797226, "lpips": 0.363857626914978, "feature": 0.04861770570278168, "g_gan": 0.0, "gan_weight": 0.0, "g_grad_norm": 18.473751068115234, "update_seconds": 1.3027418851852417}
[h264 @ 0x56c4389f5d80] mmco: unref short failure
[h264 @ 0x56c4389f5d80] mmco: unref short failure
{"generator_updates": 400, "discriminator_updates": 0, "microbatches": 3200, "stage": "reconstruction", "loss": 0.4971161484718323, "l1": 0.09329347312450409, "lpips": 0.3567826747894287, "feature": 0.0470399484038353, "g_gan": 0.0, "gan_weight": 0.0, "g_grad_norm": 14.824790000915527, "update_seconds": 1.3315853998064995}
[h264 @ 0x574566ac4d80] mmco: unref short failure
[h264 @ 0x574566ac4d80] mmco: unref short failure
[h264 @ 0x574566ac4d80] mmco: unref short failure
[h264 @ 0x574566ac4d80] mmco: unref short failure
{"generator_updates": 450, "discriminator_updates": 0, "microbatches": 3600, "stage": "reconstruction", "loss": 0.46014320850372314, "l1": 0.09278341382741928, "lpips": 0.32171377539634705, "feature": 0.04564603045582771, "g_gan": 0.0, "gan_weight": 0.0, "g_grad_norm": 11.025224685668945, "update_seconds": 1.3048073705285788}
{"generator_updates": 500, "discriminator_updates": 0, "microbatches": 4000, "stage": "reconstruction", "loss": 0.47430363297462463, "l1": 0.09814336150884628, "lpips": 0.3387475311756134, "feature": 0.03741274029016495, "g_gan": 0.0, "gan_weight": 0.0, "g_grad_norm": 11.115978240966797, "update_seconds": 1.3242298476397991}
[h264 @ 0x59d3a6acd940] mmco: unref short failure
{"generator_updates": 550, "discriminator_updates": 0, "microbatches": 4400, "stage": "reconstruction", "loss": 0.3723129630088806, "l1": 0.07115110754966736, "lpips": 0.26760706305503845, "feature": 0.03355475515127182, "g_gan": 0.0, "gan_weight": 0.0, "g_grad_norm": 51.59891128540039, "update_seconds": 1.3049417305737734}
{"generator_updates": 600, "discriminator_updates": 0, "microbatches": 4800, "stage": "reconstruction", "loss": 0.46513086557388306, "l1": 0.09154300391674042, "lpips": 0.33845996856689453, "feature": 0.03512788563966751, "g_gan": 0.0, "gan_weight": 0.0, "g_grad_norm": 28.86305809020996, "update_seconds": 1.2546783806756139}
{"generator_updates": 650, "discriminator_updates": 0, "microbatches": 5200, "stage": "reconstruction", "loss": 0.42138251662254333, "l1": 0.08727622777223587, "lpips": 0.30252528190612793, "feature": 0.031580984592437744, "g_gan": 0.0, "gan_weight": 0.0, "g_grad_norm": 11.395031929016113, "update_seconds": 1.2707918034866452}
{"generator_updates": 700, "discriminator_updates": 0, "microbatches": 5600, "stage": "reconstruction", "loss": 0.31103622913360596, "l1": 0.05633711814880371, "lpips": 0.22738398611545563, "feature": 0.02731514349579811, "g_gan": 0.0, "gan_weight": 0.0, "g_grad_norm": 15.447932243347168, "update_seconds": 1.2640196634456515}
{"generator_updates": 750, "discriminator_updates": 0, "microbatches": 6000, "stage": "reconstruction", "loss": 0.3557722568511963, "l1": 0.08472856134176254, "lpips": 0.24626009166240692, "feature": 0.024783596396446228, "g_gan": 0.0, "gan_weight": 0.0, "g_grad_norm": 19.216548919677734, "update_seconds": 1.2596677551046014}
[h264 @ 0x57e5b4ecf0c0] mmco: unref short failure
[h264 @ 0x57e5b4ecf0c0] mmco: unref short failure
[h264 @ 0x57e5b4ecf0c0] mmco: unref short failure
[h264 @ 0x57e5b4ecf0c0] mmco: unref short failure
{"generator_updates": 800, "discriminator_updates": 0, "microbatches": 6400, "stage": "reconstruction", "loss": 0.32106301188468933, "l1": 0.06725078076124191, "lpips": 0.23146800696849823, "feature": 0.02234422042965889, "g_gan": 0.0, "gan_weight": 0.0, "g_grad_norm": 5.979552745819092, "update_seconds": 1.2094186684116721}
[h264 @ 0x56c413e86340] mmco: unref short failure
[h264 @ 0x56c413e86340] mmco: unref short failure
{"generator_updates": 850, "discriminator_updates": 0, "microbatches": 6800, "stage": "reconstruction", "loss": 0.34989142417907715, "l1": 0.07983149588108063, "lpips": 0.24780923128128052, "feature": 0.022250689566135406, "g_gan": 0.0, "gan_weight": 0.0, "g_grad_norm": 4.513953685760498, "update_seconds": 1.2369924932718277}
{"generator_updates": 900, "discriminator_updates": 0, "microbatches": 7200, "stage": "reconstruction", "loss": 0.30462735891342163, "l1": 0.07010530680418015, "lpips": 0.21485018730163574, "feature": 0.01967187598347664, "g_gan": 0.0, "gan_weight": 0.0, "g_grad_norm": 12.109350204467773, "update_seconds": 1.334492933936417}
{"generator_updates": 950, "discriminator_updates": 0, "microbatches": 7600, "stage": "reconstruction", "loss": 0.3555791676044464, "l1": 0.087333083152771, "lpips": 0.24428799748420715, "feature": 0.023958079516887665, "g_gan": 0.0, "gan_weight": 0.0, "g_grad_norm": 9.154354095458984, "update_seconds": 1.2899259310215712}
{"generator_updates": 1000, "discriminator_updates": 0, "microbatches": 8000, "stage": "reconstruction", "loss": 0.305854469537735, "l1": 0.06216568499803543, "lpips": 0.22385025024414062, "feature": 0.019838500767946243, "g_gan": 0.0, "gan_weight": 0.0, "g_grad_norm": 20.75273323059082, "update_seconds": 1.2434661332517862}
{"generator_updates": 1050, "discriminator_updates": 0, "microbatches": 8400, "stage": "reconstruction", "loss": 0.2808099091053009, "l1": 0.06309989094734192, "lpips": 0.19830474257469177, "feature": 0.019405264407396317, "g_gan": 0.0, "gan_weight": 0.0, "g_grad_norm": 5.761075973510742, "update_seconds": 1.2258402835577726}
[h264 @ 0x56c44bcdd700] mmco: unref short failure
{"generator_updates": 1100, "discriminator_updates": 0, "microbatches": 8800, "stage": "reconstruction", "loss": 0.2971358001232147, "l1": 0.07561195641756058, "lpips": 0.2013898640871048, "feature": 0.020133979618549347, "g_gan": 0.0, "gan_weight": 0.0, "g_grad_norm": 5.739741802215576, "update_seconds": 1.3371094958856702}
[aac @ 0x59d3680dcfc0] Reserved bit set.
[aac @ 0x59d3680dcfc0] invalid band type
{"generator_updates": 1150, "discriminator_updates": 0, "microbatches": 9200, "stage": "reconstruction", "loss": 0.31233614683151245, "l1": 0.07652130722999573, "lpips": 0.2184821218252182, "feature": 0.017332736402750015, "g_gan": 0.0, "gan_weight": 0.0, "g_grad_norm": 4.446536064147949, "update_seconds": 1.2729981318116188}
{"generator_updates": 1200, "discriminator_updates": 0, "microbatches": 9600, "stage": "reconstruction", "loss": 0.3748472034931183, "l1": 0.09839965403079987, "lpips": 0.2581453025341034, "feature": 0.01830226555466652, "g_gan": 0.0, "gan_weight": 0.0, "g_grad_norm": 5.126377582550049, "update_seconds": 1.3015056736767292}
[h264 @ 0x57457e4124c0] mmco: unref short failure
[h264 @ 0x57457e4124c0] mmco: unref short failure
{"generator_updates": 1250, "discriminator_updates": 0, "microbatches": 10000, "stage": "reconstruction", "loss": 0.3172116279602051, "l1": 0.08025903254747391, "lpips": 0.21942010521888733, "feature": 0.017532508820295334, "g_gan": 0.0, "gan_weight": 0.0, "g_grad_norm": 2.0440006256103516, "update_seconds": 1.329130532220006}
{"generator_updates": 1300, "discriminator_updates": 0, "microbatches": 10400, "stage": "reconstruction", "loss": 0.30748826265335083, "l1": 0.0784469023346901, "lpips": 0.21091142296791077, "feature": 0.018129948526620865, "g_gan": 0.0, "gan_weight": 0.0, "g_grad_norm": 3.8597793579101562, "update_seconds": 1.2860420821234584}
[aac @ 0x59d380cac680] Reserved bit set.
[aac @ 0x59d380cac680] invalid band type
[h264 @ 0x574589d6d9c0] mmco: unref short failure
[h264 @ 0x574589d6d9c0] mmco: unref short failure
{"generator_updates": 1350, "discriminator_updates": 0, "microbatches": 10800, "stage": "reconstruction", "loss": 0.2576647400856018, "l1": 0.057153306901454926, "lpips": 0.18263424932956696, "feature": 0.017877185717225075, "g_gan": 0.0, "gan_weight": 0.0, "g_grad_norm": 11.071271896362305, "update_seconds": 1.226508542895317}
{"generator_updates": 1400, "discriminator_updates": 0, "microbatches": 11200, "stage": "reconstruction", "loss": 0.2216479778289795, "l1": 0.04800495505332947, "lpips": 0.15940332412719727, "feature": 0.014239698648452759, "g_gan": 0.0, "gan_weight": 0.0, "g_grad_norm": 10.540728569030762, "update_seconds": 1.2567780185490847}
{"generator_updates": 1450, "discriminator_updates": 0, "microbatches": 11600, "stage": "reconstruction", "loss": 0.27774789929389954, "l1": 0.06284022331237793, "lpips": 0.1989816576242447, "feature": 0.015926016494631767, "g_gan": 0.0, "gan_weight": 0.0, "g_grad_norm": 9.924788475036621, "update_seconds": 1.2767841024324298}
[h264 @ 0x574579949740] mmco: unref short failure
{"generator_updates": 1500, "discriminator_updates": 0, "microbatches": 12000, "stage": "reconstruction", "loss": 0.2947744131088257, "l1": 0.07127058506011963, "lpips": 0.20867903530597687, "feature": 0.014824786223471165, "g_gan": 0.0, "gan_weight": 0.0, "g_grad_norm": 17.6468505859375, "update_seconds": 1.2782617630437016}
[h264 @ 0x57e5978a7280] mmco: unref short failure
[h264 @ 0x57e5978a7280] mmco: unref short failure
{"generator_updates": 1550, "discriminator_updates": 0, "microbatches": 12400, "stage": "reconstruction", "loss": 0.25939375162124634, "l1": 0.05788658931851387, "lpips": 0.18668577075004578, "feature": 0.014821413904428482, "g_gan": 0.0, "gan_weight": 0.0, "g_grad_norm": 13.122122764587402, "update_seconds": 1.2364119198173285}
{"generator_updates": 1600, "discriminator_updates": 0, "microbatches": 12800, "stage": "reconstruction", "loss": 0.24984881281852722, "l1": 0.05786588415503502, "lpips": 0.17830081284046173, "feature": 0.013682132586836815, "g_gan": 0.0, "gan_weight": 0.0, "g_grad_norm": 22.873048782348633, "update_seconds": 1.3113118913024664}
{"generator_updates": 1650, "discriminator_updates": 0, "microbatches": 13200, "stage": "reconstruction", "loss": 0.30600446462631226, "l1": 0.0683826208114624, "lpips": 0.2205985188484192, "feature": 0.01702333427965641, "g_gan": 0.0, "gan_weight": 0.0, "g_grad_norm": 27.070402145385742, "update_seconds": 1.260894913226366}
[h264 @ 0x56c40a145f80] mmco: unref short failure
{"generator_updates": 1700, "discriminator_updates": 0, "microbatches": 13600, "stage": "reconstruction", "loss": 0.2820541560649872, "l1": 0.06940865516662598, "lpips": 0.19835403561592102, "feature": 0.014291471801698208, "g_gan": 0.0, "gan_weight": 0.0, "g_grad_norm": 4.733444690704346, "update_seconds": 1.32850325666368}
{"generator_updates": 1750, "discriminator_updates": 0, "microbatches": 14000, "stage": "reconstruction", "loss": 0.29272085428237915, "l1": 0.07383348792791367, "lpips": 0.20326568186283112, "feature": 0.01562168076634407, "g_gan": 0.0, "gan_weight": 0.0, "g_grad_norm": 6.988478183746338, "update_seconds": 1.2735072448849678}
{"generator_updates": 1800, "discriminator_updates": 0, "microbatches": 14400, "stage": "reconstruction", "loss": 0.23893512785434723, "l1": 0.06325261294841766, "lpips": 0.16266074776649475, "feature": 0.013021770864725113, "g_gan": 0.0, "gan_weight": 0.0, "g_grad_norm": 10.441827774047852, "update_seconds": 1.3095833994448185}
{"generator_updates": 1850, "discriminator_updates": 0, "microbatches": 14800, "stage": "reconstruction", "loss": 0.26408982276916504, "l1": 0.06811864674091339, "lpips": 0.18240571022033691, "feature": 0.013565441593527794, "g_gan": 0.0, "gan_weight": 0.0, "g_grad_norm": 22.534156799316406, "update_seconds": 1.2473642220720649}
[h264 @ 0x57e597c6ca40] mmco: unref short failure
[h264 @ 0x57e597c6ca40] mmco: unref short failure
{"generator_updates": 1900, "discriminator_updates": 0, "microbatches": 15200, "stage": "reconstruction", "loss": 0.24813783168792725, "l1": 0.06160064786672592, "lpips": 0.17436924576759338, "feature": 0.012167938984930515, "g_gan": 0.0, "gan_weight": 0.0, "g_grad_norm": 27.236013412475586, "update_seconds": 1.2508829347789288}
{"generator_updates": 1950, "discriminator_updates": 0, "microbatches": 15600, "stage": "reconstruction", "loss": 0.28902488946914673, "l1": 0.06450597941875458, "lpips": 0.2114388644695282, "feature": 0.013080054894089699, "g_gan": 0.0, "gan_weight": 0.0, "g_grad_norm": 6.163024425506592, "update_seconds": 1.2549122301861644}
{"generator_updates": 2000, "discriminator_updates": 0, "microbatches": 16000, "stage": "reconstruction", "loss": 0.2438410520553589, "l1": 0.06436053663492203, "lpips": 0.16463494300842285, "feature": 0.014845555648207664, "g_gan": 0.0, "gan_weight": 0.0, "g_grad_norm": 8.777179718017578, "update_seconds": 1.2402261951938272}
{"generator_updates": 2050, "discriminator_updates": 0, "microbatches": 16400, "stage": "reconstruction", "loss": 0.2198343724012375, "l1": 0.052675820887088776, "lpips": 0.15509270131587982, "feature": 0.012065846472978592, "g_gan": 0.0, "gan_weight": 0.0, "g_grad_norm": 15.782516479492188, "update_seconds": 1.2941678185015917}
[h264 @ 0x574589bc5b00] mmco: unref short failure
[h264 @ 0x574589bc5b00] mmco: unref short failure
[h264 @ 0x57e5a31fc800] mmco: unref short failure
[h264 @ 0x57e5a31fc800] mmco: unref short failure
{"generator_updates": 2100, "discriminator_updates": 0, "microbatches": 16800, "stage": "reconstruction", "loss": 0.22089722752571106, "l1": 0.05286560207605362, "lpips": 0.1560017317533493, "feature": 0.01202989649027586, "g_gan": 0.0, "gan_weight": 0.0, "g_grad_norm": 12.597334861755371, "update_seconds": 1.2940247235819697}
{"generator_updates": 2150, "discriminator_updates": 0, "microbatches": 17200, "stage": "reconstruction", "loss": 0.26232266426086426, "l1": 0.06550423055887222, "lpips": 0.18452101945877075, "feature": 0.012297429144382477, "g_gan": 0.0, "gan_weight": 0.0, "g_grad_norm": 4.086846351623535, "update_seconds": 1.2858312530443072}
{"generator_updates": 2200, "discriminator_updates": 0, "microbatches": 17600, "stage": "reconstruction", "loss": 0.21826620399951935, "l1": 0.05580456927418709, "lpips": 0.15149986743927002, "feature": 0.010961764492094517, "g_gan": 0.0, "gan_weight": 0.0, "g_grad_norm": 5.640878200531006, "update_seconds": 1.2816154742613435}
{"generator_updates": 2250, "discriminator_updates": 0, "microbatches": 18000, "stage": "reconstruction", "loss": 0.253894180059433, "l1": 0.05558900907635689, "lpips": 0.18723735213279724, "feature": 0.01106780394911766, "g_gan": 0.0, "gan_weight": 0.0, "g_grad_norm": 6.925021171569824, "update_seconds": 1.3232132475823164}
{"generator_updates": 2300, "discriminator_updates": 0, "microbatches": 18400, "stage": "reconstruction", "loss": 0.22084353864192963, "l1": 0.05787360668182373, "lpips": 0.15247976779937744, "feature": 0.010490162298083305, "g_gan": 0.0, "gan_weight": 0.0, "g_grad_norm": 5.704696178436279, "update_seconds": 1.3272107653319836}
{"generator_updates": 2350, "discriminator_updates": 0, "microbatches": 18800, "stage": "reconstruction", "loss": 0.23673805594444275, "l1": 0.06410045176744461, "lpips": 0.1601567566394806, "feature": 0.012480834499001503, "g_gan": 0.0, "gan_weight": 0.0, "g_grad_norm": 5.749345302581787, "update_seconds": 1.279883704148233}
{"generator_updates": 2400, "discriminator_updates": 0, "microbatches": 19200, "stage": "reconstruction", "loss": 0.2296541929244995, "l1": 0.05609048902988434, "lpips": 0.16198725998401642, "feature": 0.011576417833566666, "g_gan": 0.0, "gan_weight": 0.0, "g_grad_norm": 5.479094505310059, "update_seconds": 1.2899778746068478}
[h264 @ 0x57e5d9d5e8c0] mmco: unref short failure
[h264 @ 0x57e5d9d5e8c0] mmco: unref short failure
[h264 @ 0x57e5d9d5e8c0] mmco: unref short failure
[h264 @ 0x57e5d9d5e8c0] mmco: unref short failure
[h264 @ 0x59d3a686be80] mmco: unref short failure
[h264 @ 0x59d3a686be80] mmco: unref short failure
[h264 @ 0x59d3a686be80] mmco: unref short failure
[h264 @ 0x59d3a686be80] mmco: unref short failure
{"generator_updates": 2450, "discriminator_updates": 0, "microbatches": 19600, "stage": "reconstruction", "loss": 0.2614443898200989, "l1": 0.05959155410528183, "lpips": 0.19006583094596863, "feature": 0.01178697869181633, "g_gan": 0.0, "gan_weight": 0.0, "g_grad_norm": 26.46985626220703, "update_seconds": 1.3162530874833465}
{"generator_updates": 2500, "discriminator_updates": 0, "microbatches": 20000, "stage": "reconstruction", "loss": 0.23384761810302734, "l1": 0.055111028254032135, "lpips": 0.16743582487106323, "feature": 0.011300775222480297, "g_gan": 0.0, "gan_weight": 0.0, "g_grad_norm": 28.1727352142334, "update_seconds": 1.2917866175994277}
[aac @ 0x57e5978cd0c0] Reserved bit set.
[aac @ 0x57e5978cd0c0] invalid band type
{"generator_updates": 2550, "discriminator_updates": 0, "microbatches": 20400, "stage": "reconstruction", "loss": 0.19935885071754456, "l1": 0.05127879977226257, "lpips": 0.13716334104537964, "feature": 0.010916722938418388, "g_gan": 0.0, "gan_weight": 0.0, "g_grad_norm": 28.481496810913086, "update_seconds": 1.299742804840207}
{"generator_updates": 2600, "discriminator_updates": 0, "microbatches": 20800, "stage": "reconstruction", "loss": 0.20523715019226074, "l1": 0.04862861707806587, "lpips": 0.14608661830425262, "feature": 0.010521922260522842, "g_gan": 0.0, "gan_weight": 0.0, "g_grad_norm": 6.361001014709473, "update_seconds": 1.36647217720747}
{"generator_updates": 2650, "discriminator_updates": 0, "microbatches": 21200, "stage": "reconstruction", "loss": 0.22551190853118896, "l1": 0.05296266824007034, "lpips": 0.16267016530036926, "feature": 0.009879062883555889, "g_gan": 0.0, "gan_weight": 0.0, "g_grad_norm": 11.078946113586426, "update_seconds": 1.3172839740291238}
[h264 @ 0x57e5979a5880] mmco: unref short failure
{"generator_updates": 2700, "discriminator_updates": 0, "microbatches": 21600, "stage": "reconstruction", "loss": 0.24120178818702698, "l1": 0.062308408319950104, "lpips": 0.16738930344581604, "feature": 0.011504070833325386, "g_gan": 0.0, "gan_weight": 0.0, "g_grad_norm": 16.028955459594727, "update_seconds": 1.3931479984894395}
{"generator_updates": 2750, "discriminator_updates": 0, "microbatches": 22000, "stage": "reconstruction", "loss": 0.275829941034317, "l1": 0.07178209722042084, "lpips": 0.1938094198703766, "feature": 0.010238444432616234, "g_gan": 0.0, "gan_weight": 0.0, "g_grad_norm": 22.117029190063477, "update_seconds": 1.1944528939202428}
[h264 @ 0x57e597cae800] mmco: unref short failure
[h264 @ 0x57e597cae800] mmco: unref short failure
[h264 @ 0x57e597cae800] mmco: unref short failure
[h264 @ 0x57e597cae800] mmco: unref short failure
{"generator_updates": 2800, "discriminator_updates": 0, "microbatches": 22400, "stage": "reconstruction", "loss": 0.22489875555038452, "l1": 0.05593499168753624, "lpips": 0.15874019265174866, "feature": 0.010223578661680222, "g_gan": 0.0, "gan_weight": 0.0, "g_grad_norm": 16.302568435668945, "update_seconds": 1.307250595651567}
{"generator_updates": 2850, "discriminator_updates": 0, "microbatches": 22800, "stage": "reconstruction", "loss": 0.243322491645813, "l1": 0.0666077584028244, "lpips": 0.16708128154277802, "feature": 0.009633475914597511, "g_gan": 0.0, "gan_weight": 0.0, "g_grad_norm": 14.38840389251709, "update_seconds": 1.288802145048976}
{"generator_updates": 2900, "discriminator_updates": 0, "microbatches": 23200, "stage": "reconstruction", "loss": 0.21730050444602966, "l1": 0.05172582343220711, "lpips": 0.1556403487920761, "feature": 0.009934350848197937, "g_gan": 0.0, "gan_weight": 0.0, "g_grad_norm": 5.228654384613037, "update_seconds": 1.213715891353786}
[h264 @ 0x57458bae7f00] mmco: unref short failure
[h264 @ 0x56c413e86340] mmco: unref short failure
[h264 @ 0x56c413e86340] mmco: unref short failure
[h264 @ 0x56c413e86340] mmco: unref short failure
[h264 @ 0x56c413e86340] mmco: unref short failure
{"generator_updates": 2950, "discriminator_updates": 0, "microbatches": 23600, "stage": "reconstruction", "loss": 0.1944209188222885, "l1": 0.04459388554096222, "lpips": 0.14009036123752594, "feature": 0.009736677631735802, "g_gan": 0.0, "gan_weight": 0.0, "g_grad_norm": 29.396793365478516, "update_seconds": 1.3097832696512341}
[h264 @ 0x574589e4ab00] mmco: unref short failure
[h264 @ 0x574589e4ab00] mmco: unref short failure
{"generator_updates": 3000, "discriminator_updates": 0, "microbatches": 24000, "stage": "reconstruction", "loss": 0.26154541969299316, "l1": 0.06970755010843277, "lpips": 0.1816582977771759, "feature": 0.010179571807384491, "g_gan": 0.0, "gan_weight": 0.0, "g_grad_norm": 9.576948165893555, "update_seconds": 1.3302631033584476}
[h264 @ 0x59d380d2e480] mmco: unref short failure
[h264 @ 0x59d380d2e480] mmco: unref short failure
{"generator_updates": 3050, "discriminator_updates": 0, "microbatches": 24400, "stage": "reconstruction", "loss": 0.20118166506290436, "l1": 0.04734029620885849, "lpips": 0.14400175213813782, "feature": 0.009839607402682304, "g_gan": 0.0, "gan_weight": 0.0, "g_grad_norm": 7.865882396697998, "update_seconds": 1.274211723357439}
{"generator_updates": 3100, "discriminator_updates": 0, "microbatches": 24800, "stage": "reconstruction", "loss": 0.22777782380580902, "l1": 0.06399790942668915, "lpips": 0.15432149171829224, "feature": 0.009458422660827637, "g_gan": 0.0, "gan_weight": 0.0, "g_grad_norm": 2.9695146083831787, "update_seconds": 1.3149445690214634}
[h264 @ 0x56c44bc39380] mmco: unref short failure
[h264 @ 0x56c44bc39380] mmco: unref short failure
{"generator_updates": 3150, "discriminator_updates": 0, "microbatches": 25200, "stage": "reconstruction", "loss": 0.20299392938613892, "l1": 0.04968468099832535, "lpips": 0.1438380479812622, "feature": 0.009471200406551361, "g_gan": 0.0, "gan_weight": 0.0, "g_grad_norm": 13.14305591583252, "update_seconds": 1.2928542820736766}
{"generator_updates": 3200, "discriminator_updates": 0, "microbatches": 25600, "stage": "reconstruction", "loss": 0.22216376662254333, "l1": 0.05958093702793121, "lpips": 0.15202288329601288, "feature": 0.010559949092566967, "g_gan": 0.0, "gan_weight": 0.0, "g_grad_norm": 4.536173343658447, "update_seconds": 1.246933382935822}
{"generator_updates": 3250, "discriminator_updates": 0, "microbatches": 26000, "stage": "reconstruction", "loss": 0.20573776960372925, "l1": 0.0516338013112545, "lpips": 0.14484737813472748, "feature": 0.009256591089069843, "g_gan": 0.0, "gan_weight": 0.0, "g_grad_norm": 11.503767967224121, "update_seconds": 1.267737802118063}
{"generator_updates": 3300, "discriminator_updates": 0, "microbatches": 26400, "stage": "reconstruction", "loss": 0.2608948349952698, "l1": 0.06928762793540955, "lpips": 0.18170253932476044, "feature": 0.009904668666422367, "g_gan": 0.0, "gan_weight": 0.0, "g_grad_norm": 8.398164749145508, "update_seconds": 1.250089236535132}
{"generator_updates": 3350, "discriminator_updates": 0, "microbatches": 26800, "stage": "reconstruction", "loss": 0.2241659313440323, "l1": 0.06125037372112274, "lpips": 0.15326710045337677, "feature": 0.009648478589951992, "g_gan": 0.0, "gan_weight": 0.0, "g_grad_norm": 2.717101812362671, "update_seconds": 1.3016988867893815}
{"generator_updates": 3400, "discriminator_updates": 0, "microbatches": 27200, "stage": "reconstruction", "loss": 0.21431882679462433, "l1": 0.05263907462358475, "lpips": 0.1531737744808197, "feature": 0.00850597396492958, "g_gan": 0.0, "gan_weight": 0.0, "g_grad_norm": 9.192422866821289, "update_seconds": 1.234000346623361}
{"generator_updates": 3450, "discriminator_updates": 0, "microbatches": 27600, "stage": "reconstruction", "loss": 0.17533089220523834, "l1": 0.04836339130997658, "lpips": 0.11844273656606674, "feature": 0.008524765260517597, "g_gan": 0.0, "gan_weight": 0.0, "g_grad_norm": 19.653440475463867, "update_seconds": 1.3082362301647663}
{"generator_updates": 3500, "discriminator_updates": 0, "microbatches": 28000, "stage": "reconstruction", "loss": 0.22726178169250488, "l1": 0.0751209557056427, "lpips": 0.14374493062496185, "feature": 0.008395882323384285, "g_gan": 0.0, "gan_weight": 0.0, "g_grad_norm": 3.9067938327789307, "update_seconds": 1.3521240530535579}
{"generator_updates": 3550, "discriminator_updates": 0, "microbatches": 28400, "stage": "reconstruction", "loss": 0.21393410861492157, "l1": 0.05490287393331528, "lpips": 0.149961918592453, "feature": 0.009069331921637058, "g_gan": 0.0, "gan_weight": 0.0, "g_grad_norm": 11.382389068603516, "update_seconds": 1.198872059583664}
{"generator_updates": 3600, "discriminator_updates": 0, "microbatches": 28800, "stage": "reconstruction", "loss": 0.19399939477443695, "l1": 0.055730871856212616, "lpips": 0.1297067105770111, "feature": 0.008561812341213226, "g_gan": 0.0, "gan_weight": 0.0, "g_grad_norm": 7.073781490325928, "update_seconds": 1.2803472401574254}
[h264 @ 0x57e5b5029580] mmco: unref short failure
[h264 @ 0x57e5b5029580] mmco: unref short failure
{"generator_updates": 3650, "discriminator_updates": 0, "microbatches": 29200, "stage": "reconstruction", "loss": 0.2224074900150299, "l1": 0.058895085006952286, "lpips": 0.15405021607875824, "feature": 0.00946218241006136, "g_gan": 0.0, "gan_weight": 0.0, "g_grad_norm": 8.17522144317627, "update_seconds": 1.3203699002042413}
{"generator_updates": 3700, "discriminator_updates": 0, "microbatches": 29600, "stage": "reconstruction", "loss": 0.2052292376756668, "l1": 0.05667053163051605, "lpips": 0.14006537199020386, "feature": 0.008493338711559772, "g_gan": 0.0, "gan_weight": 0.0, "g_grad_norm": 4.683572769165039, "update_seconds": 1.2707028659060597}
[h264 @ 0x574589bf0740] mmco: unref short failure
{"generator_updates": 3750, "discriminator_updates": 0, "microbatches": 30000, "stage": "reconstruction", "loss": 0.20183426141738892, "l1": 0.05292921140789986, "lpips": 0.14052394032478333, "feature": 0.008381112478673458, "g_gan": 0.0, "gan_weight": 0.0, "g_grad_norm": 6.214087009429932, "update_seconds": 1.3112420169636607}
{"generator_updates": 3800, "discriminator_updates": 0, "microbatches": 30400, "stage": "reconstruction", "loss": 0.15481579303741455, "l1": 0.04196590185165405, "lpips": 0.10521385073661804, "feature": 0.007636042311787605, "g_gan": 0.0, "gan_weight": 0.0, "g_grad_norm": 14.753488540649414, "update_seconds": 1.2951440550386906}
[h264 @ 0x57e597bb36c0] mmco: unref short failure
[h264 @ 0x57e597bb36c0] mmco: unref short failure
[h264 @ 0x59d3682c4740] mmco: unref short failure
[h264 @ 0x59d3682c4740] mmco: unref short failure
[h264 @ 0x59d3682c4740] mmco: unref short failure
[h264 @ 0x59d3682c4740] mmco: unref short failure
{"generator_updates": 3850, "discriminator_updates": 0, "microbatches": 30800, "stage": "reconstruction", "loss": 0.21374565362930298, "l1": 0.06411006301641464, "lpips": 0.13999655842781067, "feature": 0.009639009833335876, "g_gan": 0.0, "gan_weight": 0.0, "g_grad_norm": 11.98686408996582, "update_seconds": 1.2814501924440265}
{"generator_updates": 3900, "discriminator_updates": 0, "microbatches": 31200, "stage": "reconstruction", "loss": 0.16529476642608643, "l1": 0.04910333827137947, "lpips": 0.10773950815200806, "feature": 0.008451905101537704, "g_gan": 0.0, "gan_weight": 0.0, "g_grad_norm": 3.0822808742523193, "update_seconds": 1.4081368204206228}
{"generator_updates": 3950, "discriminator_updates": 0, "microbatches": 31600, "stage": "reconstruction", "loss": 0.2175942361354828, "l1": 0.062336601316928864, "lpips": 0.14657236635684967, "feature": 0.00868525542318821, "g_gan": 0.0, "gan_weight": 0.0, "g_grad_norm": 8.315129280090332, "update_seconds": 1.291576599702239}
{"generator_updates": 4000, "discriminator_updates": 0, "microbatches": 32000, "stage": "reconstruction", "loss": 0.20644403994083405, "l1": 0.05749381706118584, "lpips": 0.14122839272022247, "feature": 0.00772182596847415, "g_gan": 0.0, "gan_weight": 0.0, "g_grad_norm": 5.761216640472412, "update_seconds": 1.2900404809042811}
[h264 @ 0x56c438c506c0] mmco: unref short failure
[h264 @ 0x56c438c506c0] mmco: unref short failure
[h264 @ 0x56c438c506c0] mmco: unref short failure
[h264 @ 0x56c438c506c0] mmco: unref short failure
{"generator_updates": 4050, "discriminator_updates": 0, "microbatches": 32400, "stage": "reconstruction", "loss": 0.19733089208602905, "l1": 0.060790855437517166, "lpips": 0.1277007758617401, "feature": 0.008839257061481476, "g_gan": 0.0, "gan_weight": 0.0, "g_grad_norm": 9.431053161621094, "update_seconds": 1.196063126437366}
{"generator_updates": 4100, "discriminator_updates": 0, "microbatches": 32800, "stage": "reconstruction", "loss": 0.2161090075969696, "l1": 0.05857175216078758, "lpips": 0.15034392476081848, "feature": 0.007193329744040966, "g_gan": 0.0, "gan_weight": 0.0, "g_grad_norm": 5.083868503570557, "update_seconds": 1.298004706390202}
[aac @ 0x56c40a145f80] Reserved bit set.
[aac @ 0x56c40a145f80] invalid band type
{"generator_updates": 4150, "discriminator_updates": 0, "microbatches": 33200, "stage": "reconstruction", "loss": 0.210366889834404, "l1": 0.05260268598794937, "lpips": 0.15006987750530243, "feature": 0.007694322150200605, "g_gan": 0.0, "gan_weight": 0.0, "g_grad_norm": 15.525629997253418, "update_seconds": 1.2641166243702173}
{"generator_updates": 4200, "discriminator_updates": 0, "microbatches": 33600, "stage": "reconstruction", "loss": 0.22055640816688538, "l1": 0.07004797458648682, "lpips": 0.14097310602664948, "feature": 0.00953531265258789, "g_gan": 0.0, "gan_weight": 0.0, "g_grad_norm": 10.330865859985352, "update_seconds": 1.2767674839124084}
{"generator_updates": 4250, "discriminator_updates": 0, "microbatches": 34000, "stage": "reconstruction", "loss": 0.2234470546245575, "l1": 0.06724023818969727, "lpips": 0.14729011058807373, "feature": 0.00891670398414135, "g_gan": 0.0, "gan_weight": 0.0, "g_grad_norm": 14.709456443786621, "update_seconds": 1.2440326791256666}
[h264 @ 0x57457e404200] mmco: unref short failure
{"generator_updates": 4300, "discriminator_updates": 0, "microbatches": 34400, "stage": "reconstruction", "loss": 0.1584516167640686, "l1": 0.040131162852048874, "lpips": 0.10958041995763779, "feature": 0.008740048855543137, "g_gan": 0.0, "gan_weight": 0.0, "g_grad_norm": 19.852861404418945, "update_seconds": 1.1830674828961492}
{"generator_updates": 4350, "discriminator_updates": 0, "microbatches": 34800, "stage": "reconstruction", "loss": 0.19932854175567627, "l1": 0.06056882441043854, "lpips": 0.12982584536075592, "feature": 0.008933866396546364, "g_gan": 0.0, "gan_weight": 0.0, "g_grad_norm": 16.76009178161621, "update_seconds": 1.258386834524572}
{"generator_updates": 4400, "discriminator_updates": 0, "microbatches": 35200, "stage": "reconstruction", "loss": 0.17555418610572815, "l1": 0.04344833642244339, "lpips": 0.12458597123622894, "feature": 0.007519868668168783, "g_gan": 0.0, "gan_weight": 0.0, "g_grad_norm": 10.848798751831055, "update_seconds": 1.292447247542441}
{"generator_updates": 4450, "discriminator_updates": 0, "microbatches": 35600, "stage": "reconstruction", "loss": 0.19177299737930298, "l1": 0.044240206480026245, "lpips": 0.13937875628471375, "feature": 0.008154043927788734, "g_gan": 0.0, "gan_weight": 0.0, "g_grad_norm": 18.110511779785156, "update_seconds": 1.227558464743197}
{"generator_updates": 4500, "discriminator_updates": 0, "microbatches": 36000, "stage": "reconstruction", "loss": 0.17510807514190674, "l1": 0.04320813715457916, "lpips": 0.12448545545339584, "feature": 0.007414484396576881, "g_gan": 0.0, "gan_weight": 0.0, "g_grad_norm": 1.146693229675293, "update_seconds": 1.2348792711272836}
[h264 @ 0x57457e2ebd80] mmco: unref short failure
[h264 @ 0x57457e2ebd80] mmco: unref short failure
[h264 @ 0x59d380c44480] mmco: unref short failure
{"generator_updates": 4550, "discriminator_updates": 0, "microbatches": 36400, "stage": "reconstruction", "loss": 0.18624916672706604, "l1": 0.05306163430213928, "lpips": 0.12628024816513062, "feature": 0.006907300557941198, "g_gan": 0.0, "gan_weight": 0.0, "g_grad_norm": 3.556333065032959, "update_seconds": 1.2697242423892021}
{"generator_updates": 4600, "discriminator_updates": 0, "microbatches": 36800, "stage": "reconstruction", "loss": 0.19006898999214172, "l1": 0.05453645810484886, "lpips": 0.12793031334877014, "feature": 0.007602229714393616, "g_gan": 0.0, "gan_weight": 0.0, "g_grad_norm": 10.576604843139648, "update_seconds": 1.2531693251803517}
{"generator_updates": 4650, "discriminator_updates": 0, "microbatches": 37200, "stage": "reconstruction", "loss": 0.1675001084804535, "l1": 0.042266424745321274, "lpips": 0.11682913452386856, "feature": 0.008404544554650784, "g_gan": 0.0, "gan_weight": 0.0, "g_grad_norm": 5.719242095947266, "update_seconds": 1.232710280455649}
[h264 @ 0x574566b31e00] mmco: unref short failure
[h264 @ 0x574566b31e00] mmco: unref short failure
{"generator_updates": 4700, "discriminator_updates": 0, "microbatches": 37600, "stage": "reconstruction", "loss": 0.21330413222312927, "l1": 0.05747665464878082, "lpips": 0.14769098162651062, "feature": 0.008136508986353874, "g_gan": 0.0, "gan_weight": 0.0, "g_grad_norm": 13.013203620910645, "update_seconds": 1.327128835953772}
[h264 @ 0x57457e3e9b80] mmco: unref short failure
{"generator_updates": 4750, "discriminator_updates": 0, "microbatches": 38000, "stage": "reconstruction", "loss": 0.20718792080879211, "l1": 0.06277712434530258, "lpips": 0.13668400049209595, "feature": 0.007726775482296944, "g_gan": 0.0, "gan_weight": 0.0, "g_grad_norm": 8.725820541381836, "update_seconds": 1.225167571566999}
{"generator_updates": 4800, "discriminator_updates": 0, "microbatches": 38400, "stage": "reconstruction", "loss": 0.20082834362983704, "l1": 0.04597415775060654, "lpips": 0.14679944515228271, "feature": 0.008054746314883232, "g_gan": 0.0, "gan_weight": 0.0, "g_grad_norm": 2.7953333854675293, "update_seconds": 1.2881796788424253}
{"generator_updates": 4850, "discriminator_updates": 0, "microbatches": 38800, "stage": "reconstruction", "loss": 0.2232428938150406, "l1": 0.052818745374679565, "lpips": 0.16294574737548828, "feature": 0.007478378247469664, "g_gan": 0.0, "gan_weight": 0.0, "g_grad_norm": 5.432861804962158, "update_seconds": 1.2953707464039326}
{"generator_updates": 4900, "discriminator_updates": 0, "microbatches": 39200, "stage": "reconstruction", "loss": 0.20020151138305664, "l1": 0.05101494491100311, "lpips": 0.14169564843177795, "feature": 0.007490920834243298, "g_gan": 0.0, "gan_weight": 0.0, "g_grad_norm": 21.31903839111328, "update_seconds": 1.3349267477169633}
[h264 @ 0x56c44b92f440] mmco: unref short failure
[h264 @ 0x56c44b92f440] mmco: unref short failure
{"generator_updates": 4950, "discriminator_updates": 0, "microbatches": 39600, "stage": "reconstruction", "loss": 0.22423359751701355, "l1": 0.06093031167984009, "lpips": 0.15568222105503082, "feature": 0.007621048949658871, "g_gan": 0.0, "gan_weight": 0.0, "g_grad_norm": 4.651416301727295, "update_seconds": 1.2442379938438535}
{"generator_updates": 5000, "discriminator_updates": 0, "microbatches": 40000, "stage": "reconstruction", "loss": 0.18241481482982635, "l1": 0.05223456025123596, "lpips": 0.12270757555961609, "feature": 0.007472686003893614, "g_gan": 0.0, "gan_weight": 0.0, "g_grad_norm": 1.6672523021697998, "update_seconds": 1.2974804071709514}
[h264 @ 0x57457e404200] mmco: unref short failure
{"generator_updates": 5050, "discriminator_updates": 0, "microbatches": 40400, "stage": "reconstruction", "loss": 0.17986708879470825, "l1": 0.05103328078985214, "lpips": 0.12222281098365784, "feature": 0.006610976532101631, "g_gan": 0.0, "gan_weight": 0.0, "g_grad_norm": 12.02590274810791, "update_seconds": 1.2867343705147505}
{"generator_updates": 5100, "discriminator_updates": 0, "microbatches": 40800, "stage": "reconstruction", "loss": 0.16137543320655823, "l1": 0.038355693221092224, "lpips": 0.11572437733411789, "feature": 0.00729534775018692, "g_gan": 0.0, "gan_weight": 0.0, "g_grad_norm": 17.517606735229492, "update_seconds": 1.2980664083734155}
{"generator_updates": 5150, "discriminator_updates": 0, "microbatches": 41200, "stage": "reconstruction", "loss": 0.18229550123214722, "l1": 0.04974542558193207, "lpips": 0.12559936940670013, "feature": 0.006950716022402048, "g_gan": 0.0, "gan_weight": 0.0, "g_grad_norm": 10.120149612426758, "update_seconds": 1.247557527385652}
{"generator_updates": 5200, "discriminator_updates": 0, "microbatches": 41600, "stage": "reconstruction", "loss": 0.19235795736312866, "l1": 0.049568817019462585, "lpips": 0.13606002926826477, "feature": 0.0067290933802723885, "g_gan": 0.0, "gan_weight": 0.0, "g_grad_norm": 14.797111511230469, "update_seconds": 1.3171252207830548}
{"generator_updates": 5250, "discriminator_updates": 0, "microbatches": 42000, "stage": "reconstruction", "loss": 0.21131029725074768, "l1": 0.06101132929325104, "lpips": 0.14323395490646362, "feature": 0.00706500094383955, "g_gan": 0.0, "gan_weight": 0.0, "g_grad_norm": 23.921621322631836, "update_seconds": 1.2401107409968972}
[h264 @ 0x57e592e6acc0] mmco: unref short failure
[h264 @ 0x57e592e6acc0] mmco: unref short failure
{"generator_updates": 5300, "discriminator_updates": 0, "microbatches": 42400, "stage": "reconstruction", "loss": 0.2359374463558197, "l1": 0.06028357520699501, "lpips": 0.16779012978076935, "feature": 0.007863733917474747, "g_gan": 0.0, "gan_weight": 0.0, "g_grad_norm": 2.6774022579193115, "update_seconds": 1.3492042440921068}
[h264 @ 0x57458bc4b500] mmco: unref short failure
[h264 @ 0x57458bc4b500] mmco: unref short failure
[h264 @ 0x57458bc4b500] mmco: unref short failure
[h264 @ 0x57458bc4b500] mmco: unref short failure
{"generator_updates": 5350, "discriminator_updates": 0, "microbatches": 42800, "stage": "reconstruction", "loss": 0.1998836100101471, "l1": 0.057277195155620575, "lpips": 0.13541316986083984, "feature": 0.0071932426653802395, "g_gan": 0.0, "gan_weight": 0.0, "g_grad_norm": 18.297618865966797, "update_seconds": 1.2988524148240685}
[h264 @ 0x59d37bfdb000] mmco: unref short failure
[h264 @ 0x59d37bfdb000] mmco: unref short failure
{"generator_updates": 5400, "discriminator_updates": 0, "microbatches": 43200, "stage": "reconstruction", "loss": 0.19401288032531738, "l1": 0.05504380911588669, "lpips": 0.13211362063884735, "feature": 0.006855429150164127, "g_gan": 0.0, "gan_weight": 0.0, "g_grad_norm": 4.80810022354126, "update_seconds": 1.2073798915371299}
{"generator_updates": 5450, "discriminator_updates": 0, "microbatches": 43600, "stage": "reconstruction", "loss": 0.20114147663116455, "l1": 0.05343982204794884, "lpips": 0.14089271426200867, "feature": 0.0068089282140135765, "g_gan": 0.0, "gan_weight": 0.0, "g_grad_norm": 7.030713081359863, "update_seconds": 1.2831125818192959}
[h264 @ 0x57e5d9d5e8c0] mmco: unref short failure
[h264 @ 0x57e5d9d5e8c0] mmco: unref short failure
{"generator_updates": 5500, "discriminator_updates": 0, "microbatches": 44000, "stage": "reconstruction", "loss": 0.17322269082069397, "l1": 0.05106169357895851, "lpips": 0.11499084532260895, "feature": 0.007170150056481361, "g_gan": 0.0, "gan_weight": 0.0, "g_grad_norm": 10.139852523803711, "update_seconds": 1.2708771219477057}
[h264 @ 0x57e5b5076680] mmco: unref short failure
[h264 @ 0x57e5b5076680] mmco: unref short failure
[h264 @ 0x57e5b5076680] mmco: unref short failure
[h264 @ 0x57e5b5076680] mmco: unref short failure
{"generator_updates": 5550, "discriminator_updates": 0, "microbatches": 44400, "stage": "reconstruction", "loss": 0.17732174694538116, "l1": 0.05064573884010315, "lpips": 0.11987213045358658, "feature": 0.006803888827562332, "g_gan": 0.0, "gan_weight": 0.0, "g_grad_norm": 10.26029109954834, "update_seconds": 1.3091453472152352}
{"generator_updates": 5600, "discriminator_updates": 0, "microbatches": 44800, "stage": "reconstruction", "loss": 0.1785247027873993, "l1": 0.05124146491289139, "lpips": 0.12004676461219788, "feature": 0.007236465811729431, "g_gan": 0.0, "gan_weight": 0.0, "g_grad_norm": 17.909549713134766, "update_seconds": 1.3255649246275425}
[h264 @ 0x59d380ba0a40] mmco: unref short failure
[h264 @ 0x59d380ba0a40] mmco: unref short failure
{"generator_updates": 5650, "discriminator_updates": 0, "microbatches": 45200, "stage": "reconstruction", "loss": 0.16662919521331787, "l1": 0.044847726821899414, "lpips": 0.11532758921384811, "feature": 0.006453872658312321, "g_gan": 0.0, "gan_weight": 0.0, "g_grad_norm": 9.91660213470459, "update_seconds": 1.2474398938938975}
{"generator_updates": 5700, "discriminator_updates": 0, "microbatches": 45600, "stage": "reconstruction", "loss": 0.19284921884536743, "l1": 0.0527171827852726, "lpips": 0.13366882503032684, "feature": 0.006463225465267897, "g_gan": 0.0, "gan_weight": 0.0, "g_grad_norm": 1.9713354110717773, "update_seconds": 1.2792937699705362}
{"generator_updates": 5750, "discriminator_updates": 0, "microbatches": 46000, "stage": "reconstruction", "loss": 0.1379864513874054, "l1": 0.037452105432748795, "lpips": 0.09485603123903275, "feature": 0.005678323097527027, "g_gan": 0.0, "gan_weight": 0.0, "g_grad_norm": 2.1224842071533203, "update_seconds": 1.2854639738798141}
{"generator_updates": 5800, "discriminator_updates": 0, "microbatches": 46400, "stage": "reconstruction", "loss": 0.2190951257944107, "l1": 0.06258044391870499, "lpips": 0.15017887949943542, "feature": 0.006335791200399399, "g_gan": 0.0, "gan_weight": 0.0, "g_grad_norm": 5.133877277374268, "update_seconds": 1.3282751692458987}
{"generator_updates": 5850, "discriminator_updates": 0, "microbatches": 46800, "stage": "reconstruction", "loss": 0.2124425172805786, "l1": 0.05884378403425217, "lpips": 0.14641305804252625, "feature": 0.00718568405136466, "g_gan": 0.0, "gan_weight": 0.0, "g_grad_norm": 19.032121658325195, "update_seconds": 1.3563115065917373}
[aac @ 0x57e5a3332f40] Reserved bit set.
[aac @ 0x57e5a3332f40] invalid band type
[h264 @ 0x59d380c54e80] mmco: unref short failure
{"generator_updates": 5900, "discriminator_updates": 0, "microbatches": 47200, "stage": "reconstruction", "loss": 0.18439140915870667, "l1": 0.04228544980287552, "lpips": 0.1354026198387146, "feature": 0.0067033302038908005, "g_gan": 0.0, "gan_weight": 0.0, "g_grad_norm": 18.94619369506836, "update_seconds": 1.3752579828724265}
{"generator_updates": 5950, "discriminator_updates": 0, "microbatches": 47600, "stage": "reconstruction", "loss": 0.14578993618488312, "l1": 0.03521650284528732, "lpips": 0.10400129854679108, "feature": 0.0065721250139176846, "g_gan": 0.0, "gan_weight": 0.0, "g_grad_norm": 27.705360412597656, "update_seconds": 1.2992629762738943}
{"generator_updates": 6000, "discriminator_updates": 0, "microbatches": 48000, "stage": "reconstruction", "loss": 0.15718171000480652, "l1": 0.04547324404120445, "lpips": 0.10523580014705658, "feature": 0.0064726537093520164, "g_gan": 0.0, "gan_weight": 0.0, "g_grad_norm": 1.2544612884521484, "update_seconds": 1.2498324178159237}
{"generator_updates": 6050, "discriminator_updates": 0, "microbatches": 48400, "stage": "reconstruction", "loss": 0.15189045667648315, "l1": 0.04423866793513298, "lpips": 0.10160432010889053, "feature": 0.006047464907169342, "g_gan": 0.0, "gan_weight": 0.0, "g_grad_norm": 2.482105016708374, "update_seconds": 1.2734559997916222}
[h264 @ 0x59d380b74a00] mmco: unref short failure
[h264 @ 0x59d380b74a00] mmco: unref short failure
{"generator_updates": 6100, "discriminator_updates": 0, "microbatches": 48800, "stage": "reconstruction", "loss": 0.16374394297599792, "l1": 0.04351324215531349, "lpips": 0.1139545664191246, "feature": 0.006276130676269531, "g_gan": 0.0, "gan_weight": 0.0, "g_grad_norm": 8.16201114654541, "update_seconds": 1.2383255288004875}
{"generator_updates": 6150, "discriminator_updates": 0, "microbatches": 49200, "stage": "reconstruction", "loss": 0.20757082104682922, "l1": 0.04865169897675514, "lpips": 0.1518581360578537, "feature": 0.007060996722429991, "g_gan": 0.0, "gan_weight": 0.0, "g_grad_norm": 5.865392208099365, "update_seconds": 1.3337064255028963}
{"generator_updates": 6200, "discriminator_updates": 0, "microbatches": 49600, "stage": "reconstruction", "loss": 0.19860127568244934, "l1": 0.06329640001058578, "lpips": 0.1285553276538849, "feature": 0.0067495363764464855, "g_gan": 0.0, "gan_weight": 0.0, "g_grad_norm": 10.010376930236816, "update_seconds": 1.2967438325285912}
{"generator_updates": 6250, "discriminator_updates": 0, "microbatches": 50000, "stage": "reconstruction", "loss": 0.2047741413116455, "l1": 0.055355608463287354, "lpips": 0.14291614294052124, "feature": 0.006502396427094936, "g_gan": 0.0, "gan_weight": 0.0, "g_grad_norm": 5.609772205352783, "update_seconds": 1.3060968238860369}
{"generator_updates": 6300, "discriminator_updates": 0, "microbatches": 50400, "stage": "reconstruction", "loss": 0.14024387300014496, "l1": 0.041659921407699585, "lpips": 0.09209012985229492, "feature": 0.006493811961263418, "g_gan": 0.0, "gan_weight": 0.0, "g_grad_norm": 10.812596321105957, "update_seconds": 1.339545089751482}
[h264 @ 0x57e59796e8c0] mmco: unref short failure
{"generator_updates": 6350, "discriminator_updates": 0, "microbatches": 50800, "stage": "reconstruction", "loss": 0.15359893441200256, "l1": 0.03995469585061073, "lpips": 0.10715710371732712, "feature": 0.006487138569355011, "g_gan": 0.0, "gan_weight": 0.0, "g_grad_norm": 6.935524940490723, "update_seconds": 1.2047060504555702}
{"generator_updates": 6400, "discriminator_updates": 0, "microbatches": 51200, "stage": "reconstruction", "loss": 0.1646624207496643, "l1": 0.04828009009361267, "lpips": 0.11060740053653717, "feature": 0.005774922668933868, "g_gan": 0.0, "gan_weight": 0.0, "g_grad_norm": 5.962185382843018, "update_seconds": 1.2441431870684028}
{"generator_updates": 6450, "discriminator_updates": 0, "microbatches": 51600, "stage": "reconstruction", "loss": 0.18364334106445312, "l1": 0.05030234158039093, "lpips": 0.1267290562391281, "feature": 0.006611937656998634, "g_gan": 0.0, "gan_weight": 0.0, "g_grad_norm": 4.033309459686279, "update_seconds": 1.2376398388296366}
{"generator_updates": 6500, "discriminator_updates": 0, "microbatches": 52000, "stage": "reconstruction", "loss": 0.2168867290019989, "l1": 0.059193987399339676, "lpips": 0.15099576115608215, "feature": 0.006696983240544796, "g_gan": 0.0, "gan_weight": 0.0, "g_grad_norm": 7.606384754180908, "update_seconds": 1.3313218969851732}
{"generator_updates": 6550, "discriminator_updates": 0, "microbatches": 52400, "stage": "reconstruction", "loss": 0.14441944658756256, "l1": 0.03506975620985031, "lpips": 0.10347361862659454, "feature": 0.005876069888472557, "g_gan": 0.0, "gan_weight": 0.0, "g_grad_norm": 1.2533817291259766, "update_seconds": 1.2253206288442016}
[h264 @ 0x59d380deb600] mmco: unref short failure
{"generator_updates": 6600, "discriminator_updates": 0, "microbatches": 52800, "stage": "reconstruction", "loss": 0.16184967756271362, "l1": 0.04907125234603882, "lpips": 0.1061936616897583, "feature": 0.006584768649190664, "g_gan": 0.0, "gan_weight": 0.0, "g_grad_norm": 18.26673698425293, "update_seconds": 1.2795050470158458}
[h264 @ 0x56c40a0f0780] mmco: unref short failure
[h264 @ 0x56c40a0f0780] mmco: unref short failure
[h264 @ 0x56c40a0f0780] mmco: unref short failure
[h264 @ 0x56c40a0f0780] mmco: unref short failure
{"generator_updates": 6650, "discriminator_updates": 0, "microbatches": 53200, "stage": "reconstruction", "loss": 0.23817598819732666, "l1": 0.07193471491336823, "lpips": 0.16080105304718018, "feature": 0.005440223962068558, "g_gan": 0.0, "gan_weight": 0.0, "g_grad_norm": 3.3064630031585693, "update_seconds": 1.2224250454455614}
[h264 @ 0x56c4389e0a00] mmco: unref short failure
{"generator_updates": 6700, "discriminator_updates": 0, "microbatches": 53600, "stage": "reconstruction", "loss": 0.16329199075698853, "l1": 0.05093512684106827, "lpips": 0.10535496473312378, "feature": 0.007001895923167467, "g_gan": 0.0, "gan_weight": 0.0, "g_grad_norm": 10.190202713012695, "update_seconds": 1.2491210093721747}
[h264 @ 0x59d380b56680] mmco: unref short failure
{"generator_updates": 6750, "discriminator_updates": 0, "microbatches": 54000, "stage": "reconstruction", "loss": 0.16814178228378296, "l1": 0.04822884500026703, "lpips": 0.11334620416164398, "feature": 0.006566719152033329, "g_gan": 0.0, "gan_weight": 0.0, "g_grad_norm": 7.177360534667969, "update_seconds": 1.256650222465396}
{"generator_updates": 6800, "discriminator_updates": 0, "microbatches": 54400, "stage": "reconstruction", "loss": 0.16537922620773315, "l1": 0.04830276221036911, "lpips": 0.1108955442905426, "feature": 0.006180912256240845, "g_gan": 0.0, "gan_weight": 0.0, "g_grad_norm": 11.638188362121582, "update_seconds": 1.2907317392528057}
[aac @ 0x59d367fbe780] Reserved bit set.
[aac @ 0x59d367fbe780] invalid band type
{"generator_updates": 6850, "discriminator_updates": 0, "microbatches": 54800, "stage": "reconstruction", "loss": 0.18305586278438568, "l1": 0.04741111025214195, "lpips": 0.12980619072914124, "feature": 0.005838550627231598, "g_gan": 0.0, "gan_weight": 0.0, "g_grad_norm": 1.6658284664154053, "update_seconds": 1.351822229102254}
{"generator_updates": 6900, "discriminator_updates": 0, "microbatches": 55200, "stage": "reconstruction", "loss": 0.18445627391338348, "l1": 0.05011647194623947, "lpips": 0.1279490739107132, "feature": 0.00639073271304369, "g_gan": 0.0, "gan_weight": 0.0, "g_grad_norm": 3.1613383293151855, "update_seconds": 1.2820467101410031}
[h264 @ 0x57e5a57cdb40] mmco: unref short failure
[h264 @ 0x57e5a57cdb40] mmco: unref short failure
[h264 @ 0x57e597c60640] mmco: unref short failure
[h264 @ 0x57e597c60640] mmco: unref short failure
[h264 @ 0x56c414001a00] mmco: unref short failure
[h264 @ 0x56c414001a00] mmco: unref short failure
{"generator_updates": 6950, "discriminator_updates": 0, "microbatches": 55600, "stage": "reconstruction", "loss": 0.13646811246871948, "l1": 0.034049272537231445, "lpips": 0.09706799685955048, "feature": 0.005350848659873009, "g_gan": 0.0, "gan_weight": 0.0, "g_grad_norm": 1.8641674518585205, "update_seconds": 1.2282355893403292}
{"generator_updates": 7000, "discriminator_updates": 0, "microbatches": 56000, "stage": "reconstruction", "loss": 0.164665088057518, "l1": 0.04217265546321869, "lpips": 0.11634767800569534, "feature": 0.006144746206700802, "g_gan": 0.0, "gan_weight": 0.0, "g_grad_norm": 2.1176986694335938, "update_seconds": 1.2442477690055966}
{"generator_updates": 7050, "discriminator_updates": 0, "microbatches": 56400, "stage": "reconstruction", "loss": 0.13575182855129242, "l1": 0.03506257385015488, "lpips": 0.09541906416416168, "feature": 0.005270188674330711, "g_gan": 0.0, "gan_weight": 0.0, "g_grad_norm": 5.494793891906738, "update_seconds": 1.255932666361332}
{"generator_updates": 7100, "discriminator_updates": 0, "microbatches": 56800, "stage": "reconstruction", "loss": 0.13590097427368164, "l1": 0.03841087967157364, "lpips": 0.09121175855398178, "feature": 0.006278329528868198, "g_gan": 0.0, "gan_weight": 0.0, "g_grad_norm": 5.613504886627197, "update_seconds": 1.26495639141649}
{"generator_updates": 7150, "discriminator_updates": 0, "microbatches": 57200, "stage": "reconstruction", "loss": 0.15746437013149261, "l1": 0.03450385481119156, "lpips": 0.11647965759038925, "feature": 0.006480862852185965, "g_gan": 0.0, "gan_weight": 0.0, "g_grad_norm": 24.329378128051758, "update_seconds": 1.2859791032969952}
{"generator_updates": 7200, "discriminator_updates": 0, "microbatches": 57600, "stage": "reconstruction", "loss": 0.16585290431976318, "l1": 0.04420117661356926, "lpips": 0.11553100496530533, "feature": 0.006120704114437103, "g_gan": 0.0, "gan_weight": 0.0, "g_grad_norm": 7.567142486572266, "update_seconds": 1.2429599603638053}
{"generator_updates": 7250, "discriminator_updates": 0, "microbatches": 58000, "stage": "reconstruction", "loss": 0.1951138973236084, "l1": 0.05164334550499916, "lpips": 0.13765403628349304, "feature": 0.0058165257796645164, "g_gan": 0.0, "gan_weight": 0.0, "g_grad_norm": 3.2706825733184814, "update_seconds": 1.3645165916532278}
{"generator_updates": 7300, "discriminator_updates": 0, "microbatches": 58400, "stage": "reconstruction", "loss": 0.12139792740345001, "l1": 0.03552192077040672, "lpips": 0.07985854148864746, "feature": 0.006017466075718403, "g_gan": 0.0, "gan_weight": 0.0, "g_grad_norm": 5.085023403167725, "update_seconds": 1.2198007833212614}
{"generator_updates": 7350, "discriminator_updates": 0, "microbatches": 58800, "stage": "reconstruction", "loss": 0.14042843878269196, "l1": 0.03649736940860748, "lpips": 0.09806475043296814, "feature": 0.00586631428450346, "g_gan": 0.0, "gan_weight": 0.0, "g_grad_norm": 10.053149223327637, "update_seconds": 1.2859341138973832}
{"generator_updates": 7400, "discriminator_updates": 0, "microbatches": 59200, "stage": "reconstruction", "loss": 0.17766143381595612, "l1": 0.04196246340870857, "lpips": 0.12960729002952576, "feature": 0.006091682240366936, "g_gan": 0.0, "gan_weight": 0.0, "g_grad_norm": 15.990208625793457, "update_seconds": 1.209767995402217}
[h264 @ 0x574589cb3e80] mmco: unref short failure
[h264 @ 0x574589cb3e80] mmco: unref short failure
{"generator_updates": 7450, "discriminator_updates": 0, "microbatches": 59600, "stage": "reconstruction", "loss": 0.17998376488685608, "l1": 0.04863601177930832, "lpips": 0.12498386204242706, "feature": 0.006363883148878813, "g_gan": 0.0, "gan_weight": 0.0, "g_grad_norm": 2.1820244789123535, "update_seconds": 1.2847680849954486}
{"generator_updates": 7500, "discriminator_updates": 0, "microbatches": 60000, "stage": "reconstruction", "loss": 0.12122905254364014, "l1": 0.034681711345911026, "lpips": 0.08093085139989853, "feature": 0.005616484209895134, "g_gan": 0.0, "gan_weight": 0.0, "g_grad_norm": 26.703102111816406, "update_seconds": 1.2515503782778978}
[h264 @ 0x59d380ae48c0] mmco: unref short failure
[h264 @ 0x59d380ae48c0] mmco: unref short failure
{"generator_updates": 7550, "discriminator_updates": 0, "microbatches": 60400, "stage": "reconstruction", "loss": 0.20770853757858276, "l1": 0.05214403569698334, "lpips": 0.14882761240005493, "feature": 0.006736875977367163, "g_gan": 0.0, "gan_weight": 0.0, "g_grad_norm": 23.555274963378906, "update_seconds": 1.2702944222837687}
{"generator_updates": 7600, "discriminator_updates": 0, "microbatches": 60800, "stage": "reconstruction", "loss": 0.15804854035377502, "l1": 0.041262101382017136, "lpips": 0.11153250932693481, "feature": 0.005253915209323168, "g_gan": 0.0, "gan_weight": 0.0, "g_grad_norm": 4.069246292114258, "update_seconds": 1.2844856549054384}
{"generator_updates": 7650, "discriminator_updates": 0, "microbatches": 61200, "stage": "reconstruction", "loss": 0.21030384302139282, "l1": 0.06556345522403717, "lpips": 0.13858279585838318, "feature": 0.006157572381198406, "g_gan": 0.0, "gan_weight": 0.0, "g_grad_norm": 8.252006530761719, "update_seconds": 1.2315517403185368}
[h264 @ 0x57e597c2ab40] mmco: unref short failure
[h264 @ 0x57e597c2ab40] mmco: unref short failure
[h264 @ 0x57e597c2ab40] mmco: unref short failure
[h264 @ 0x57e597c2ab40] mmco: unref short failure
{"generator_updates": 7700, "discriminator_updates": 0, "microbatches": 61600, "stage": "reconstruction", "loss": 0.1418311893939972, "l1": 0.036281272768974304, "lpips": 0.10037118196487427, "feature": 0.0051787495613098145, "g_gan": 0.0, "gan_weight": 0.0, "g_grad_norm": 7.206007957458496, "update_seconds": 1.2537714978680015}
{"generator_updates": 7750, "discriminator_updates": 0, "microbatches": 62000, "stage": "reconstruction", "loss": 0.16720128059387207, "l1": 0.043598901480436325, "lpips": 0.11778342723846436, "feature": 0.005818954203277826, "g_gan": 0.0, "gan_weight": 0.0, "g_grad_norm": 10.064090728759766, "update_seconds": 1.2760303867980838}
{"generator_updates": 7800, "discriminator_updates": 0, "microbatches": 62400, "stage": "reconstruction", "loss": 0.17231038212776184, "l1": 0.050956785678863525, "lpips": 0.11542829126119614, "feature": 0.005925300531089306, "g_gan": 0.0, "gan_weight": 0.0, "g_grad_norm": 3.0073134899139404, "update_seconds": 1.2795481607317924}
[h264 @ 0x57e5a3352980] mmco: unref short failure
[h264 @ 0x57e5a3352980] mmco: unref short failure
{"generator_updates": 7850, "discriminator_updates": 0, "microbatches": 62800, "stage": "reconstruction", "loss": 0.18130461871623993, "l1": 0.05831385403871536, "lpips": 0.1174522265791893, "feature": 0.005538542289286852, "g_gan": 0.0, "gan_weight": 0.0, "g_grad_norm": 10.182546615600586, "update_seconds": 1.2656925916671753}
{"generator_updates": 7900, "discriminator_updates": 0, "microbatches": 63200, "stage": "reconstruction", "loss": 0.16246168315410614, "l1": 0.04483193904161453, "lpips": 0.11121062934398651, "feature": 0.006419097073376179, "g_gan": 0.0, "gan_weight": 0.0, "g_grad_norm": 6.379022121429443, "update_seconds": 1.2843535477295518}
{"generator_updates": 7950, "discriminator_updates": 0, "microbatches": 63600, "stage": "reconstruction", "loss": 0.11253033578395844, "l1": 0.028227422386407852, "lpips": 0.0789342150092125, "feature": 0.005368703976273537, "g_gan": 0.0, "gan_weight": 0.0, "g_grad_norm": 12.705589294433594, "update_seconds": 1.2600910607725382}
[h264 @ 0x56c44bcc8f80] mmco: unref short failure
[h264 @ 0x56c44bcc8f80] mmco: unref short failure
[h264 @ 0x57e5b5150f80] mmco: unref short failure
[h264 @ 0x57e5b5150f80] mmco: unref short failure
[h264 @ 0x57e5b5150f80] mmco: unref short failure
[h264 @ 0x57e5b5150f80] mmco: unref short failure
{"generator_updates": 8000, "discriminator_updates": 0, "microbatches": 64000, "stage": "reconstruction", "loss": 0.12632471323013306, "l1": 0.03989589959383011, "lpips": 0.0810861885547638, "feature": 0.0053426180966198444, "g_gan": 0.0, "gan_weight": 0.0, "g_grad_norm": 6.013072490692139, "update_seconds": 1.235647046007216}
{"generator_updates": 8050, "discriminator_updates": 0, "microbatches": 64400, "stage": "reconstruction", "loss": 0.150888130068779, "l1": 0.044056061655282974, "lpips": 0.10154803842306137, "feature": 0.005284023471176624, "g_gan": 0.0, "gan_weight": 0.0, "g_grad_norm": 2.2724196910858154, "update_seconds": 1.3584044501185417}
[h264 @ 0x57e5a31f2ac0] mmco: unref short failure
{"generator_updates": 8100, "discriminator_updates": 0, "microbatches": 64800, "stage": "reconstruction", "loss": 0.17962110042572021, "l1": 0.05293353646993637, "lpips": 0.12117637693881989, "feature": 0.0055111972615122795, "g_gan": 0.0, "gan_weight": 0.0, "g_grad_norm": 6.624215126037598, "update_seconds": 1.263698372989893}
[h264 @ 0x57457e404200] mmco: unref short failure
{"generator_updates": 8150, "discriminator_updates": 0, "microbatches": 65200, "stage": "reconstruction", "loss": 0.154231458902359, "l1": 0.04515257105231285, "lpips": 0.10322007536888123, "feature": 0.005858810618519783, "g_gan": 0.0, "gan_weight": 0.0, "g_grad_norm": 2.942819356918335, "update_seconds": 1.2464330699294806}
{"generator_updates": 8200, "discriminator_updates": 0, "microbatches": 65600, "stage": "reconstruction", "loss": 0.16195856034755707, "l1": 0.04503520950675011, "lpips": 0.11029678583145142, "feature": 0.006626560352742672, "g_gan": 0.0, "gan_weight": 0.0, "g_grad_norm": 5.371070384979248, "update_seconds": 1.324659677222371}
{"generator_updates": 8250, "discriminator_updates": 0, "microbatches": 66000, "stage": "reconstruction", "loss": 0.12226076424121857, "l1": 0.03708470240235329, "lpips": 0.0795658677816391, "feature": 0.005610203370451927, "g_gan": 0.0, "gan_weight": 0.0, "g_grad_norm": 3.7928850650787354, "update_seconds": 1.2458990383893251}
{"generator_updates": 8300, "discriminator_updates": 0, "microbatches": 66400, "stage": "reconstruction", "loss": 0.13104833662509918, "l1": 0.03985242545604706, "lpips": 0.0859631597995758, "feature": 0.005232756957411766, "g_gan": 0.0, "gan_weight": 0.0, "g_grad_norm": 2.38189697265625, "update_seconds": 1.1645136019214988}
{"generator_updates": 8350, "discriminator_updates": 0, "microbatches": 66800, "stage": "reconstruction", "loss": 0.15390674769878387, "l1": 0.04565827548503876, "lpips": 0.10299208015203476, "feature": 0.005256395787000656, "g_gan": 0.0, "gan_weight": 0.0, "g_grad_norm": 2.4519670009613037, "update_seconds": 1.2802699645981193}
[h264 @ 0x57e5b5150f80] mmco: unref short failure
[h264 @ 0x57e5b5150f80] mmco: unref short failure
[h264 @ 0x57457e1cdc40] mmco: unref short failure
{"generator_updates": 8400, "discriminator_updates": 0, "microbatches": 67200, "stage": "reconstruction", "loss": 0.15795093774795532, "l1": 0.04427596926689148, "lpips": 0.10815539211034775, "feature": 0.0055195651948452, "g_gan": 0.0, "gan_weight": 0.0, "g_grad_norm": 9.029692649841309, "update_seconds": 1.3249193215742707}
{"generator_updates": 8450, "discriminator_updates": 0, "microbatches": 67600, "stage": "reconstruction", "loss": 0.15458187460899353, "l1": 0.04534400999546051, "lpips": 0.10364259779453278, "feature": 0.005595263559371233, "g_gan": 0.0, "gan_weight": 0.0, "g_grad_norm": 14.745381355285645, "update_seconds": 1.2546788481995463}
[aac @ 0x57457e404200] Reserved bit set.
[aac @ 0x57457e404200] invalid band type
{"generator_updates": 8500, "discriminator_updates": 0, "microbatches": 68000, "stage": "reconstruction", "loss": 0.1351386457681656, "l1": 0.033379554748535156, "lpips": 0.09650720655918121, "feature": 0.00525188073515892, "g_gan": 0.0, "gan_weight": 0.0, "g_grad_norm": 14.388444900512695, "update_seconds": 1.2593296468257904}
{"generator_updates": 8550, "discriminator_updates": 0, "microbatches": 68400, "stage": "reconstruction", "loss": 0.16406838595867157, "l1": 0.04587865620851517, "lpips": 0.11286981403827667, "feature": 0.005319923162460327, "g_gan": 0.0, "gan_weight": 0.0, "g_grad_norm": 4.21833610534668, "update_seconds": 1.1935855904594064}
{"generator_updates": 8600, "discriminator_updates": 0, "microbatches": 68800, "stage": "reconstruction", "loss": 0.13587519526481628, "l1": 0.0391182005405426, "lpips": 0.09137210994958878, "feature": 0.005384889431297779, "g_gan": 0.0, "gan_weight": 0.0, "g_grad_norm": 3.651886463165283, "update_seconds": 1.2489785412326455}
{"generator_updates": 8650, "discriminator_updates": 0, "microbatches": 69200, "stage": "reconstruction", "loss": 0.13959704339504242, "l1": 0.04668418690562248, "lpips": 0.0874752402305603, "feature": 0.005437619052827358, "g_gan": 0.0, "gan_weight": 0.0, "g_grad_norm": 11.442294120788574, "update_seconds": 1.2130007864907384}
{"generator_updates": 8700, "discriminator_updates": 0, "microbatches": 69600, "stage": "reconstruction", "loss": 0.18887795507907867, "l1": 0.06468366831541061, "lpips": 0.11749142408370972, "feature": 0.006702845916152, "g_gan": 0.0, "gan_weight": 0.0, "g_grad_norm": 3.944124937057495, "update_seconds": 1.2254030238837004}
{"generator_updates": 8750, "discriminator_updates": 0, "microbatches": 70000, "stage": "reconstruction", "loss": 0.14091454446315765, "l1": 0.04053983464837074, "lpips": 0.09524703770875931, "feature": 0.005127661395817995, "g_gan": 0.0, "gan_weight": 0.0, "g_grad_norm": 7.770632266998291, "update_seconds": 1.3022084813565016}
{"generator_updates": 8800, "discriminator_updates": 0, "microbatches": 70400, "stage": "reconstruction", "loss": 0.144134983420372, "l1": 0.04223065823316574, "lpips": 0.09672751277685165, "feature": 0.005176810547709465, "g_gan": 0.0, "gan_weight": 0.0, "g_grad_norm": 2.3726158142089844, "update_seconds": 1.3860659012570977}
{"generator_updates": 8850, "discriminator_updates": 0, "microbatches": 70800, "stage": "reconstruction", "loss": 0.15718238055706024, "l1": 0.042086850851774216, "lpips": 0.10996636748313904, "feature": 0.0051291645504534245, "g_gan": 0.0, "gan_weight": 0.0, "g_grad_norm": 10.374921798706055, "update_seconds": 1.2666630409657955}
[h264 @ 0x56c413e08a40] mmco: unref short failure
[h264 @ 0x56c413e08a40] mmco: unref short failure
{"generator_updates": 8900, "discriminator_updates": 0, "microbatches": 71200, "stage": "reconstruction", "loss": 0.1429511308670044, "l1": 0.047672029584646225, "lpips": 0.09022639691829681, "feature": 0.0050527071580290794, "g_gan": 0.0, "gan_weight": 0.0, "g_grad_norm": 5.804596424102783, "update_seconds": 1.2842117808759212}
{"generator_updates": 8950, "discriminator_updates": 0, "microbatches": 71600, "stage": "reconstruction", "loss": 0.15285636484622955, "l1": 0.047892577946186066, "lpips": 0.09946339577436447, "feature": 0.005500394850969315, "g_gan": 0.0, "gan_weight": 0.0, "g_grad_norm": 7.631527900695801, "update_seconds": 1.255815425887704}
{"generator_updates": 9000, "discriminator_updates": 0, "microbatches": 72000, "stage": "reconstruction", "loss": 0.17081117630004883, "l1": 0.054599832743406296, "lpips": 0.11116489768028259, "feature": 0.005046439357101917, "g_gan": 0.0, "gan_weight": 0.0, "g_grad_norm": 15.005971908569336, "update_seconds": 1.3467684276401997}
{"generator_updates": 9050, "discriminator_updates": 0, "microbatches": 72400, "stage": "reconstruction", "loss": 0.17830073833465576, "l1": 0.05575953423976898, "lpips": 0.11675368249416351, "feature": 0.005787521135061979, "g_gan": 0.0, "gan_weight": 0.0, "g_grad_norm": 9.73416519165039, "update_seconds": 1.2869673436507583}
{"generator_updates": 9100, "discriminator_updates": 0, "microbatches": 72800, "stage": "reconstruction", "loss": 0.18668001890182495, "l1": 0.059381768107414246, "lpips": 0.12133409082889557, "feature": 0.0059641459956765175, "g_gan": 0.0, "gan_weight": 0.0, "g_grad_norm": 3.4663493633270264, "update_seconds": 1.288920721039176}
{"generator_updates": 9150, "discriminator_updates": 0, "microbatches": 73200, "stage": "reconstruction", "loss": 0.14312595129013062, "l1": 0.038193002343177795, "lpips": 0.09970319271087646, "feature": 0.005229759030044079, "g_gan": 0.0, "gan_weight": 0.0, "g_grad_norm": 1.9623477458953857, "update_seconds": 1.2696657394990325}
{"generator_updates": 9200, "discriminator_updates": 0, "microbatches": 73600, "stage": "reconstruction", "loss": 0.16065074503421783, "l1": 0.050070904195308685, "lpips": 0.10523009300231934, "feature": 0.005349733866751194, "g_gan": 0.0, "gan_weight": 0.0, "g_grad_norm": 2.3561861515045166, "update_seconds": 1.275003483518958}
[h264 @ 0x56c438baf680] mmco: unref short failure
[h264 @ 0x56c438baf680] mmco: unref short failure
[h264 @ 0x56c438baf680] mmco: unref short failure
[h264 @ 0x56c438baf680] mmco: unref short failure
{"generator_updates": 9250, "discriminator_updates": 0, "microbatches": 74000, "stage": "reconstruction", "loss": 0.1377663016319275, "l1": 0.03404694050550461, "lpips": 0.09783896803855896, "feature": 0.005880399607121944, "g_gan": 0.0, "gan_weight": 0.0, "g_grad_norm": 45.74293518066406, "update_seconds": 1.2261822102591395}
[h264 @ 0x56c438cdc800] mmco: unref short failure
[aac @ 0x56c44b9c0600] Reserved bit set.
[aac @ 0x56c44b9c0600] invalid band type
{"generator_updates": 9300, "discriminator_updates": 0, "microbatches": 74400, "stage": "reconstruction", "loss": 0.10720754414796829, "l1": 0.030572962015867233, "lpips": 0.07144305855035782, "feature": 0.005191524513065815, "g_gan": 0.0, "gan_weight": 0.0, "g_grad_norm": 21.708114624023438, "update_seconds": 1.2262646378949285}
{"generator_updates": 9350, "discriminator_updates": 0, "microbatches": 74800, "stage": "reconstruction", "loss": 0.17799171805381775, "l1": 0.04936528578400612, "lpips": 0.12284296751022339, "feature": 0.005783457309007645, "g_gan": 0.0, "gan_weight": 0.0, "g_grad_norm": 9.839454650878906, "update_seconds": 1.247493278235197}
{"generator_updates": 9400, "discriminator_updates": 0, "microbatches": 75200, "stage": "reconstruction", "loss": 0.15070554614067078, "l1": 0.037025175988674164, "lpips": 0.10819593071937561, "feature": 0.005484427325427532, "g_gan": 0.0, "gan_weight": 0.0, "g_grad_norm": 8.010449409484863, "update_seconds": 1.2889296747744083}
{"generator_updates": 9450, "discriminator_updates": 0, "microbatches": 75600, "stage": "reconstruction", "loss": 0.1122368723154068, "l1": 0.031850673258304596, "lpips": 0.07542874664068222, "feature": 0.0049574607983231544, "g_gan": 0.0, "gan_weight": 0.0, "g_grad_norm": 5.1998443603515625, "update_seconds": 1.2406455595046282}
[h264 @ 0x56c438ccab80] mmco: unref short failure
{"generator_updates": 9500, "discriminator_updates": 0, "microbatches": 76000, "stage": "reconstruction", "loss": 0.15910960733890533, "l1": 0.05220659449696541, "lpips": 0.1020626500248909, "feature": 0.004840376786887646, "g_gan": 0.0, "gan_weight": 0.0, "g_grad_norm": 1.889106035232544, "update_seconds": 1.2766785752028227}
[h264 @ 0x59d380ae48c0] mmco: unref short failure
[h264 @ 0x59d380ae48c0] mmco: unref short failure
{"generator_updates": 9550, "discriminator_updates": 0, "microbatches": 76400, "stage": "reconstruction", "loss": 0.18530331552028656, "l1": 0.05644276365637779, "lpips": 0.1232185885310173, "feature": 0.0056419577449560165, "g_gan": 0.0, "gan_weight": 0.0, "g_grad_norm": 6.42943811416626, "update_seconds": 1.253564540296793}
[h264 @ 0x574589d94040] mmco: unref short failure
[h264 @ 0x574589d94040] mmco: unref short failure
[h264 @ 0x574589d94040] mmco: unref short failure
[h264 @ 0x574589d94040] mmco: unref short failure
{"generator_updates": 9600, "discriminator_updates": 0, "microbatches": 76800, "stage": "reconstruction", "loss": 0.11198443919420242, "l1": 0.03246001899242401, "lpips": 0.07462229579687119, "feature": 0.004902129992842674, "g_gan": 0.0, "gan_weight": 0.0, "g_grad_norm": 7.579092502593994, "update_seconds": 1.2635104162618518}
[h264 @ 0x59d380e1b040] mmco: unref short failure
[h264 @ 0x59d380e1b040] mmco: unref short failure
{"generator_updates": 9650, "discriminator_updates": 0, "microbatches": 77200, "stage": "reconstruction", "loss": 0.20568682253360748, "l1": 0.059852465987205505, "lpips": 0.14075058698654175, "feature": 0.005083770025521517, "g_gan": 0.0, "gan_weight": 0.0, "g_grad_norm": 1.5077252388000488, "update_seconds": 1.2336390437558293}
{"generator_updates": 9700, "discriminator_updates": 0, "microbatches": 77600, "stage": "reconstruction", "loss": 0.1738363653421402, "l1": 0.047192756086587906, "lpips": 0.12092291563749313, "feature": 0.005720686167478561, "g_gan": 0.0, "gan_weight": 0.0, "g_grad_norm": 9.469752311706543, "update_seconds": 1.2757744770497084}
{"generator_updates": 9750, "discriminator_updates": 0, "microbatches": 78000, "stage": "reconstruction", "loss": 0.1686548888683319, "l1": 0.04661732167005539, "lpips": 0.1164754331111908, "feature": 0.005562132224440575, "g_gan": 0.0, "gan_weight": 0.0, "g_grad_norm": 24.575109481811523, "update_seconds": 1.2095698649063706}
[h264 @ 0x56c409fc9700] mmco: unref short failure
[h264 @ 0x56c409fc9700] mmco: unref short failure
{"generator_updates": 9800, "discriminator_updates": 0, "microbatches": 78400, "stage": "reconstruction", "loss": 0.11741860210895538, "l1": 0.031247351318597794, "lpips": 0.08144180476665497, "feature": 0.004729452542960644, "g_gan": 0.0, "gan_weight": 0.0, "g_grad_norm": 14.490036964416504, "update_seconds": 1.2320525934919715}
{"generator_updates": 9850, "discriminator_updates": 0, "microbatches": 78800, "stage": "reconstruction", "loss": 0.15935645997524261, "l1": 0.050791844725608826, "lpips": 0.10319338738918304, "feature": 0.0053712232038378716, "g_gan": 0.0, "gan_weight": 0.0, "g_grad_norm": 23.84979248046875, "update_seconds": 1.260919125750661}
{"generator_updates": 9900, "discriminator_updates": 0, "microbatches": 79200, "stage": "reconstruction", "loss": 0.14868494868278503, "l1": 0.04388611018657684, "lpips": 0.10020293295383453, "feature": 0.004595912527292967, "g_gan": 0.0, "gan_weight": 0.0, "g_grad_norm": 3.125309467315674, "update_seconds": 1.318863277323544}
{"generator_updates": 9950, "discriminator_updates": 0, "microbatches": 79600, "stage": "reconstruction", "loss": 0.12920701503753662, "l1": 0.03170246258378029, "lpips": 0.09272844344377518, "feature": 0.004776121117174625, "g_gan": 0.0, "gan_weight": 0.0, "g_grad_norm": 6.612032413482666, "update_seconds": 1.2963938787579536}
[h264 @ 0x574566b31e00] mmco: unref short failure
[h264 @ 0x574566b31e00] mmco: unref short failure
[h264 @ 0x574566b31e00] mmco: unref short failure
[h264 @ 0x574566b31e00] mmco: unref short failure
{"generator_updates": 10000, "discriminator_updates": 0, "microbatches": 80000, "stage": "reconstruction", "loss": 0.11646538972854614, "l1": 0.03316670283675194, "lpips": 0.07828668504953384, "feature": 0.005012005101889372, "g_gan": 0.0, "gan_weight": 0.0, "g_grad_norm": 8.27462100982666, "update_seconds": 1.3573152730241418}
{"generator_updates": 10050, "discriminator_updates": 0, "microbatches": 80400, "stage": "reconstruction", "loss": 0.18489988148212433, "l1": 0.052582092583179474, "lpips": 0.1256486028432846, "feature": 0.006669166497886181, "g_gan": 0.0, "gan_weight": 0.0, "g_grad_norm": 14.935349464416504, "update_seconds": 1.2710714703425765}
{"generator_updates": 10100, "discriminator_updates": 0, "microbatches": 80800, "stage": "reconstruction", "loss": 0.14296722412109375, "l1": 0.04459802061319351, "lpips": 0.09336484968662262, "feature": 0.005004347302019596, "g_gan": 0.0, "gan_weight": 0.0, "g_grad_norm": 9.619392395019531, "update_seconds": 1.2727693635970354}
{"generator_updates": 10150, "discriminator_updates": 0, "microbatches": 81200, "stage": "reconstruction", "loss": 0.13212108612060547, "l1": 0.03711650148034096, "lpips": 0.09031729400157928, "feature": 0.004687280394136906, "g_gan": 0.0, "gan_weight": 0.0, "g_grad_norm": 5.245701789855957, "update_seconds": 1.2148872502148151}
{"generator_updates": 10200, "discriminator_updates": 0, "microbatches": 81600, "stage": "reconstruction", "loss": 0.15196065604686737, "l1": 0.036391016095876694, "lpips": 0.11025603115558624, "feature": 0.005313606467097998, "g_gan": 0.0, "gan_weight": 0.0, "g_grad_norm": 10.051597595214844, "update_seconds": 1.2027021031826735}
{"generator_updates": 10250, "discriminator_updates": 0, "microbatches": 82000, "stage": "reconstruction", "loss": 0.18996399641036987, "l1": 0.050770338624715805, "lpips": 0.13444173336029053, "feature": 0.004751933738589287, "g_gan": 0.0, "gan_weight": 0.0, "g_grad_norm": 4.182653903961182, "update_seconds": 1.299239793792367}
{"generator_updates": 10300, "discriminator_updates": 0, "microbatches": 82400, "stage": "reconstruction", "loss": 0.11097338050603867, "l1": 0.03220219165086746, "lpips": 0.07429519295692444, "feature": 0.004475991241633892, "g_gan": 0.0, "gan_weight": 0.0, "g_grad_norm": 2.723442316055298, "update_seconds": 1.2659098729491234}
{"generator_updates": 10350, "discriminator_updates": 0, "microbatches": 82800, "stage": "reconstruction", "loss": 0.10415100306272507, "l1": 0.02721046656370163, "lpips": 0.07233987748622894, "feature": 0.00460066320374608, "g_gan": 0.0, "gan_weight": 0.0, "g_grad_norm": 4.127779960632324, "update_seconds": 1.2635375512763858}
{"generator_updates": 10400, "discriminator_updates": 0, "microbatches": 83200, "stage": "reconstruction", "loss": 0.17023825645446777, "l1": 0.0590389221906662, "lpips": 0.1054442971944809, "feature": 0.005755041725933552, "g_gan": 0.0, "gan_weight": 0.0, "g_grad_norm": 6.7013654708862305, "update_seconds": 1.2222110088914633}
[h264 @ 0x56c413c38340] mmco: unref short failure
[h264 @ 0x56c413c38340] mmco: unref short failure
{"generator_updates": 10450, "discriminator_updates": 0, "microbatches": 83600, "stage": "reconstruction", "loss": 0.1696598380804062, "l1": 0.0437890850007534, "lpips": 0.12071415781974792, "feature": 0.005156598053872585, "g_gan": 0.0, "gan_weight": 0.0, "g_grad_norm": 5.625974655151367, "update_seconds": 1.26149879116565}
{"generator_updates": 10500, "discriminator_updates": 0, "microbatches": 84000, "stage": "reconstruction", "loss": 0.1445225030183792, "l1": 0.04799333214759827, "lpips": 0.09134428203105927, "feature": 0.005184888374060392, "g_gan": 0.0, "gan_weight": 0.0, "g_grad_norm": 3.7253425121307373, "update_seconds": 1.250951156951487}
{"generator_updates": 10550, "discriminator_updates": 0, "microbatches": 84400, "stage": "reconstruction", "loss": 0.1768081933259964, "l1": 0.045158401131629944, "lpips": 0.12588919699192047, "feature": 0.005760585889220238, "g_gan": 0.0, "gan_weight": 0.0, "g_grad_norm": 17.31157112121582, "update_seconds": 1.2842213530093431}
[h264 @ 0x56c409fc7940] mmco: unref short failure
[h264 @ 0x56c40a145f80] mmco: unref short failure
{"generator_updates": 10600, "discriminator_updates": 0, "microbatches": 84800, "stage": "reconstruction", "loss": 0.16437190771102905, "l1": 0.046290844678878784, "lpips": 0.11317197978496552, "feature": 0.004909066017717123, "g_gan": 0.0, "gan_weight": 0.0, "g_grad_norm": 5.44454288482666, "update_seconds": 1.29726277384907}
[aac @ 0x574589cc5540] Reserved bit set.
[aac @ 0x574589cc5540] invalid band type
{"generator_updates": 10650, "discriminator_updates": 0, "microbatches": 85200, "stage": "reconstruction", "loss": 0.16765519976615906, "l1": 0.047608427703380585, "lpips": 0.11433093994855881, "feature": 0.005715830251574516, "g_gan": 0.0, "gan_weight": 0.0, "g_grad_norm": 19.953048706054688, "update_seconds": 1.2997407037764788}
{"generator_updates": 10700, "discriminator_updates": 0, "microbatches": 85600, "stage": "reconstruction", "loss": 0.13704676926136017, "l1": 0.0378667488694191, "lpips": 0.09426170587539673, "feature": 0.004918317310512066, "g_gan": 0.0, "gan_weight": 0.0, "g_grad_norm": 2.1141839027404785, "update_seconds": 1.2021290780976415}
[h264 @ 0x59d380dcd080] mmco: unref short failure
[h264 @ 0x59d380dcd080] mmco: unref short failure
[h264 @ 0x59d380dcd080] mmco: unref short failure
[h264 @ 0x59d380dcd080] mmco: unref short failure
{"generator_updates": 10750, "discriminator_updates": 0, "microbatches": 86000, "stage": "reconstruction", "loss": 0.1501639187335968, "l1": 0.03828830271959305, "lpips": 0.10702891647815704, "feature": 0.004846705123782158, "g_gan": 0.0, "gan_weight": 0.0, "g_grad_norm": 11.24087142944336, "update_seconds": 1.2614060090854764}
{"generator_updates": 10800, "discriminator_updates": 0, "microbatches": 86400, "stage": "reconstruction", "loss": 0.1254509836435318, "l1": 0.03838832303881645, "lpips": 0.0824667364358902, "feature": 0.004595913924276829, "g_gan": 0.0, "gan_weight": 0.0, "g_grad_norm": 2.7920947074890137, "update_seconds": 1.2321731485426426}
{"generator_updates": 10850, "discriminator_updates": 0, "microbatches": 86800, "stage": "reconstruction", "loss": 0.16612860560417175, "l1": 0.04256302863359451, "lpips": 0.11856670677661896, "feature": 0.004998854827135801, "g_gan": 0.0, "gan_weight": 0.0, "g_grad_norm": 4.1641950607299805, "update_seconds": 1.2603169409558177}
{"generator_updates": 10900, "discriminator_updates": 0, "microbatches": 87200, "stage": "reconstruction", "loss": 0.14302696287631989, "l1": 0.041466668248176575, "lpips": 0.0963342934846878, "feature": 0.005225993227213621, "g_gan": 0.0, "gan_weight": 0.0, "g_grad_norm": 11.884477615356445, "update_seconds": 1.3048955826088786}
{"generator_updates": 10950, "discriminator_updates": 0, "microbatches": 87600, "stage": "reconstruction", "loss": 0.14090877771377563, "l1": 0.04148320108652115, "lpips": 0.09465764462947845, "feature": 0.004767934326082468, "g_gan": 0.0, "gan_weight": 0.0, "g_grad_norm": 10.163874626159668, "update_seconds": 1.2299593957141042}
[h264 @ 0x57e5b50ba940] mmco: unref short failure
[h264 @ 0x57e5b50ba940] mmco: unref short failure
{"generator_updates": 11000, "discriminator_updates": 0, "microbatches": 88000, "stage": "reconstruction", "loss": 0.17540672421455383, "l1": 0.05046582967042923, "lpips": 0.120131716132164, "feature": 0.004809188656508923, "g_gan": 0.0, "gan_weight": 0.0, "g_grad_norm": 1.4214245080947876, "update_seconds": 1.3466827990487218}
{"generator_updates": 11050, "discriminator_updates": 0, "microbatches": 88400, "stage": "reconstruction", "loss": 0.15520581603050232, "l1": 0.04776792973279953, "lpips": 0.102056123316288, "feature": 0.0053817532025277615, "g_gan": 0.0, "gan_weight": 0.0, "g_grad_norm": 4.9441609382629395, "update_seconds": 1.3113848576322198}
[h264 @ 0x56c44bb01b00] mmco: unref short failure
[h264 @ 0x56c44bb01b00] mmco: unref short failure
[h264 @ 0x56c44bb01b00] mmco: unref short failure
[h264 @ 0x56c44bb01b00] mmco: unref short failure
[h264 @ 0x574589ccc280] mmco: unref short failure
[h264 @ 0x574589ccc280] mmco: unref short failure
[h264 @ 0x574589ccc280] mmco: unref short failure
[h264 @ 0x574589ccc280] mmco: unref short failure
{"generator_updates": 11100, "discriminator_updates": 0, "microbatches": 88800, "stage": "reconstruction", "loss": 0.16476212441921234, "l1": 0.04853624850511551, "lpips": 0.11094056814908981, "feature": 0.005285302642732859, "g_gan": 0.0, "gan_weight": 0.0, "g_grad_norm": 1.1323026418685913, "update_seconds": 1.3724344493821263}
[h264 @ 0x57e5a3295bc0] mmco: unref short failure
[h264 @ 0x57e5a3295bc0] mmco: unref short failure
{"generator_updates": 11150, "discriminator_updates": 0, "microbatches": 89200, "stage": "reconstruction", "loss": 0.16484928131103516, "l1": 0.05145838111639023, "lpips": 0.10808173567056656, "feature": 0.0053091649897396564, "g_gan": 0.0, "gan_weight": 0.0, "g_grad_norm": 2.3434927463531494, "update_seconds": 1.2315976014360785}
[h264 @ 0x59d380cfffc0] mmco: unref short failure
[h264 @ 0x59d380cfffc0] mmco: unref short failure
[h264 @ 0x59d380cfffc0] mmco: unref short failure
[h264 @ 0x59d380cfffc0] mmco: unref short failure
{"generator_updates": 11200, "discriminator_updates": 0, "microbatches": 89600, "stage": "reconstruction", "loss": 0.13114041090011597, "l1": 0.04434141889214516, "lpips": 0.08188275247812271, "feature": 0.004916234873235226, "g_gan": 0.0, "gan_weight": 0.0, "g_grad_norm": 4.7738237380981445, "update_seconds": 1.2721533309668303}
{"generator_updates": 11250, "discriminator_updates": 0, "microbatches": 90000, "stage": "reconstruction", "loss": 0.1512722671031952, "l1": 0.043656107038259506, "lpips": 0.10290712118148804, "feature": 0.0047090426087379456, "g_gan": 0.0, "gan_weight": 0.0, "g_grad_norm": 1.7057703733444214, "update_seconds": 1.2838303986936808}
[h264 @ 0x56c44bc17780] mmco: unref short failure
{"generator_updates": 11300, "discriminator_updates": 0, "microbatches": 90400, "stage": "reconstruction", "loss": 0.1299782395362854, "l1": 0.04271094501018524, "lpips": 0.08277922123670578, "feature": 0.0044880760833621025, "g_gan": 0.0, "gan_weight": 0.0, "g_grad_norm": 6.337825298309326, "update_seconds": 1.3426898857578635}
{"generator_updates": 11350, "discriminator_updates": 0, "microbatches": 90800, "stage": "reconstruction", "loss": 0.19091534614562988, "l1": 0.05165911093354225, "lpips": 0.1346479058265686, "feature": 0.0046083261258900166, "g_gan": 0.0, "gan_weight": 0.0, "g_grad_norm": 1.825294017791748, "update_seconds": 1.3264717143028975}
{"generator_updates": 11400, "discriminator_updates": 0, "microbatches": 91200, "stage": "reconstruction", "loss": 0.17428255081176758, "l1": 0.05649761110544205, "lpips": 0.11286512762308121, "feature": 0.004919818602502346, "g_gan": 0.0, "gan_weight": 0.0, "g_grad_norm": 1.7117748260498047, "update_seconds": 1.2373444121330976}
{"generator_updates": 11450, "discriminator_updates": 0, "microbatches": 91600, "stage": "reconstruction", "loss": 0.15520738065242767, "l1": 0.038205988705158234, "lpips": 0.11264222860336304, "feature": 0.00435916380956769, "g_gan": 0.0, "gan_weight": 0.0, "g_grad_norm": 0.9113007187843323, "update_seconds": 1.2773698512464762}
{"generator_updates": 11500, "discriminator_updates": 0, "microbatches": 92000, "stage": "reconstruction", "loss": 0.16018539667129517, "l1": 0.04512797296047211, "lpips": 0.1101357489824295, "feature": 0.004921667743474245, "g_gan": 0.0, "gan_weight": 0.0, "g_grad_norm": 3.170992851257324, "update_seconds": 1.316842881962657}
[h264 @ 0x57e59785ac00] mmco: unref short failure
[h264 @ 0x57e59785ac00] mmco: unref short failure
[h264 @ 0x57e59785ac00] mmco: unref short failure
[h264 @ 0x57e59785ac00] mmco: unref short failure
{"generator_updates": 11550, "discriminator_updates": 0, "microbatches": 92400, "stage": "reconstruction", "loss": 0.156000018119812, "l1": 0.04016070440411568, "lpips": 0.11076007783412933, "feature": 0.005079238675534725, "g_gan": 0.0, "gan_weight": 0.0, "g_grad_norm": 9.056485176086426, "update_seconds": 1.2594606056809425}
{"generator_updates": 11600, "discriminator_updates": 0, "microbatches": 92800, "stage": "reconstruction", "loss": 0.16583944857120514, "l1": 0.05022817477583885, "lpips": 0.11103403568267822, "feature": 0.004577230662107468, "g_gan": 0.0, "gan_weight": 0.0, "g_grad_norm": 4.151530742645264, "update_seconds": 1.305938790552318}
{"generator_updates": 11650, "discriminator_updates": 0, "microbatches": 93200, "stage": "reconstruction", "loss": 0.15105390548706055, "l1": 0.04084417223930359, "lpips": 0.10619835555553436, "feature": 0.004011373035609722, "g_gan": 0.0, "gan_weight": 0.0, "g_grad_norm": 6.623020648956299, "update_seconds": 1.2420600587502122}
{"generator_updates": 11700, "discriminator_updates": 0, "microbatches": 93600, "stage": "reconstruction", "loss": 0.12059465795755386, "l1": 0.02956549823284149, "lpips": 0.08672380447387695, "feature": 0.004305356182157993, "g_gan": 0.0, "gan_weight": 0.0, "g_grad_norm": 3.020878314971924, "update_seconds": 1.2110476912930608}
{"generator_updates": 11750, "discriminator_updates": 0, "microbatches": 94000, "stage": "reconstruction", "loss": 0.10975643992424011, "l1": 0.03001956082880497, "lpips": 0.07498937845230103, "feature": 0.004747500643134117, "g_gan": 0.0, "gan_weight": 0.0, "g_grad_norm": 5.658135890960693, "update_seconds": 1.3155583618208766}
{"generator_updates": 11800, "discriminator_updates": 0, "microbatches": 94400, "stage": "reconstruction", "loss": 0.15493249893188477, "l1": 0.04537690803408623, "lpips": 0.10466538369655609, "feature": 0.004890201613306999, "g_gan": 0.0, "gan_weight": 0.0, "g_grad_norm": 4.951641082763672, "update_seconds": 1.2445101663470268}
{"generator_updates": 11850, "discriminator_updates": 0, "microbatches": 94800, "stage": "reconstruction", "loss": 0.1397690773010254, "l1": 0.03562766686081886, "lpips": 0.09971670806407928, "feature": 0.00442470470443368, "g_gan": 0.0, "gan_weight": 0.0, "g_grad_norm": 16.80402374267578, "update_seconds": 1.2662258660420775}
{"generator_updates": 11900, "discriminator_updates": 0, "microbatches": 95200, "stage": "reconstruction", "loss": 0.11067137867212296, "l1": 0.029604364186525345, "lpips": 0.07621897757053375, "feature": 0.004848037380725145, "g_gan": 0.0, "gan_weight": 0.0, "g_grad_norm": 3.6221365928649902, "update_seconds": 1.254986354149878}
[h264 @ 0x57e5b4f6b940] mmco: unref short failure
[h264 @ 0x57e5b4f6b940] mmco: unref short failure
[h264 @ 0x57e5b4f6b940] mmco: unref short failure
[h264 @ 0x57e5b4f6b940] mmco: unref short failure
{"generator_updates": 11950, "discriminator_updates": 0, "microbatches": 95600, "stage": "reconstruction", "loss": 0.14003443717956543, "l1": 0.04281315952539444, "lpips": 0.0923345685005188, "feature": 0.004886706825345755, "g_gan": 0.0, "gan_weight": 0.0, "g_grad_norm": 1.3458582162857056, "update_seconds": 1.276224484667182}
[h264 @ 0x56c438a72fc0] mmco: unref short failure
[h264 @ 0x56c438a72fc0] mmco: unref short failure
[h264 @ 0x56c438a72fc0] mmco: unref short failure
[h264 @ 0x56c438a72fc0] mmco: unref short failure
{"generator_updates": 12000, "discriminator_updates": 0, "microbatches": 96000, "stage": "reconstruction", "loss": 0.11581504344940186, "l1": 0.03395436331629753, "lpips": 0.07746375352144241, "feature": 0.0043969228863716125, "g_gan": 0.0, "gan_weight": 0.0, "g_grad_norm": 3.9903602600097656, "update_seconds": 1.2880236776545644}
{"generator_updates": 12050, "discriminator_updates": 0, "microbatches": 96400, "stage": "reconstruction", "loss": 0.16366833448410034, "l1": 0.045698847621679306, "lpips": 0.11245764791965485, "feature": 0.005511831492185593, "g_gan": 0.0, "gan_weight": 0.0, "g_grad_norm": 7.846976280212402, "update_seconds": 1.1735442522913218}
[aac @ 0x56c413f25580] Reserved bit set.
[aac @ 0x56c413f25580] invalid band type
{"generator_updates": 12100, "discriminator_updates": 0, "microbatches": 96800, "stage": "reconstruction", "loss": 0.1663547307252884, "l1": 0.051617708057165146, "lpips": 0.10990674048662186, "feature": 0.00483027845621109, "g_gan": 0.0, "gan_weight": 0.0, "g_grad_norm": 2.8202710151672363, "update_seconds": 1.3491844478994608}
[h264 @ 0x57457e3e9b80] mmco: unref short failure
[h264 @ 0x57457e3e9b80] mmco: unref short failure
{"generator_updates": 12150, "discriminator_updates": 0, "microbatches": 97200, "stage": "reconstruction", "loss": 0.12294658273458481, "l1": 0.03378971666097641, "lpips": 0.08447906374931335, "feature": 0.0046777985990047455, "g_gan": 0.0, "gan_weight": 0.0, "g_grad_norm": 2.8974711894989014, "update_seconds": 1.156646921299398}
{"generator_updates": 12200, "discriminator_updates": 0, "microbatches": 97600, "stage": "reconstruction", "loss": 0.1084178239107132, "l1": 0.03229404240846634, "lpips": 0.07189658284187317, "feature": 0.004227194935083389, "g_gan": 0.0, "gan_weight": 0.0, "g_grad_norm": 2.4508676528930664, "update_seconds": 1.3180292109027505}
[h264 @ 0x57e597c20940] mmco: unref short failure
[h264 @ 0x57e597c20940] mmco: unref short failure
{"generator_updates": 12250, "discriminator_updates": 0, "microbatches": 98000, "stage": "reconstruction", "loss": 0.14951130747795105, "l1": 0.04124794900417328, "lpips": 0.10362197458744049, "feature": 0.004641388542950153, "g_gan": 0.0, "gan_weight": 0.0, "g_grad_norm": 2.1188836097717285, "update_seconds": 1.3164389580488205}
[h264 @ 0x59d3680b9900] mmco: unref short failure
[h264 @ 0x59d3680b9900] mmco: unref short failure
{"generator_updates": 12300, "discriminator_updates": 0, "microbatches": 98400, "stage": "reconstruction", "loss": 0.1298072636127472, "l1": 0.03980473801493645, "lpips": 0.08534738421440125, "feature": 0.004655138123780489, "g_gan": 0.0, "gan_weight": 0.0, "g_grad_norm": 2.4612057209014893, "update_seconds": 1.2717812256887555}
{"generator_updates": 12350, "discriminator_updates": 0, "microbatches": 98800, "stage": "reconstruction", "loss": 0.16116788983345032, "l1": 0.04589776694774628, "lpips": 0.10957053303718567, "feature": 0.005699580535292625, "g_gan": 0.0, "gan_weight": 0.0, "g_grad_norm": 7.278892993927002, "update_seconds": 1.2757993713021278}
{"generator_updates": 12400, "discriminator_updates": 0, "microbatches": 99200, "stage": "reconstruction", "loss": 0.13697177171707153, "l1": 0.03662287816405296, "lpips": 0.09545005857944489, "feature": 0.00489882193505764, "g_gan": 0.0, "gan_weight": 0.0, "g_grad_norm": 2.449953079223633, "update_seconds": 1.2665944136679173}
[h264 @ 0x57e592f9ddc0] mmco: unref short failure
{"generator_updates": 12450, "discriminator_updates": 0, "microbatches": 99600, "stage": "reconstruction", "loss": 0.10782427340745926, "l1": 0.03223046287894249, "lpips": 0.07133032381534576, "feature": 0.004263484384864569, "g_gan": 0.0, "gan_weight": 0.0, "g_grad_norm": 2.5618903636932373, "update_seconds": 1.2286904565989971}
[h264 @ 0x57e597c22600] mmco: unref short failure
[h264 @ 0x57e597c22600] mmco: unref short failure
[h264 @ 0x57e597c22600] mmco: unref short failure
[h264 @ 0x57e597c22600] mmco: unref short failure
{"generator_updates": 12500, "discriminator_updates": 0, "microbatches": 100000, "stage": "reconstruction", "loss": 0.1457108110189438, "l1": 0.04511483013629913, "lpips": 0.0960475504398346, "feature": 0.004548430908471346, "g_gan": 0.0, "gan_weight": 0.0, "g_grad_norm": 2.119366407394409, "update_seconds": 1.3056370168924332}
{"generator_updates": 12550, "discriminator_updates": 0, "microbatches": 100400, "stage": "reconstruction", "loss": 0.15686586499214172, "l1": 0.03948250040411949, "lpips": 0.11274497956037521, "feature": 0.004638371989130974, "g_gan": 0.0, "gan_weight": 0.0, "g_grad_norm": 4.146365165710449, "update_seconds": 1.277161874808371}
{"generator_updates": 12600, "discriminator_updates": 0, "microbatches": 100800, "stage": "reconstruction", "loss": 0.1703854650259018, "l1": 0.050393588840961456, "lpips": 0.11577501893043518, "feature": 0.004216859117150307, "g_gan": 0.0, "gan_weight": 0.0, "g_grad_norm": 2.6218366622924805, "update_seconds": 1.3417501337826252}
{"generator_updates": 12650, "discriminator_updates": 0, "microbatches": 101200, "stage": "reconstruction", "loss": 0.12848126888275146, "l1": 0.038784220814704895, "lpips": 0.08495256304740906, "feature": 0.0047444929368793964, "g_gan": 0.0, "gan_weight": 0.0, "g_grad_norm": 10.528244018554688, "update_seconds": 1.1858483888208866}
[h264 @ 0x56c438b9be80] mmco: unref short failure
[h264 @ 0x56c438b9be80] mmco: unref short failure
[h264 @ 0x56c438b9be80] mmco: unref short failure
[h264 @ 0x56c438b9be80] mmco: unref short failure
{"generator_updates": 12700, "discriminator_updates": 0, "microbatches": 101600, "stage": "reconstruction", "loss": 0.14614586532115936, "l1": 0.04848939925432205, "lpips": 0.09336690604686737, "feature": 0.004289553500711918, "g_gan": 0.0, "gan_weight": 0.0, "g_grad_norm": 0.9928714632987976, "update_seconds": 1.2325191730633378}
[h264 @ 0x59d37c06f380] mmco: unref short failure
[h264 @ 0x59d37c06f380] mmco: unref short failure
{"generator_updates": 12750, "discriminator_updates": 0, "microbatches": 102000, "stage": "reconstruction", "loss": 0.13876479864120483, "l1": 0.04105447232723236, "lpips": 0.09336504340171814, "feature": 0.004345268942415714, "g_gan": 0.0, "gan_weight": 0.0, "g_grad_norm": 2.3834049701690674, "update_seconds": 1.2588358987122774}
[h264 @ 0x56c413e08a40] mmco: unref short failure
[h264 @ 0x56c413e08a40] mmco: unref short failure
{"generator_updates": 12800, "discriminator_updates": 0, "microbatches": 102400, "stage": "reconstruction", "loss": 0.13080984354019165, "l1": 0.03935834765434265, "lpips": 0.08692725002765656, "feature": 0.004524231422692537, "g_gan": 0.0, "gan_weight": 0.0, "g_grad_norm": 9.99255657196045, "update_seconds": 1.2689849138259888}
{"generator_updates": 12850, "discriminator_updates": 0, "microbatches": 102800, "stage": "reconstruction", "loss": 0.1513480246067047, "l1": 0.0478946715593338, "lpips": 0.09877140820026398, "feature": 0.004681948572397232, "g_gan": 0.0, "gan_weight": 0.0, "g_grad_norm": 6.920992851257324, "update_seconds": 1.2485603941604495}
{"generator_updates": 12900, "discriminator_updates": 0, "microbatches": 103200, "stage": "reconstruction", "loss": 0.15432600677013397, "l1": 0.04261889308691025, "lpips": 0.10712112486362457, "feature": 0.004585994407534599, "g_gan": 0.0, "gan_weight": 0.0, "g_grad_norm": 3.4131040573120117, "update_seconds": 1.3334989231079817}
{"generator_updates": 12950, "discriminator_updates": 0, "microbatches": 103600, "stage": "reconstruction", "loss": 0.12120654433965683, "l1": 0.03538539633154869, "lpips": 0.08110782504081726, "feature": 0.004713325761258602, "g_gan": 0.0, "gan_weight": 0.0, "g_grad_norm": 3.393440008163452, "update_seconds": 1.333884233608842}
[aac @ 0x56c44ba73ac0] Reserved bit set.
[aac @ 0x56c44ba73ac0] invalid band type
{"generator_updates": 13000, "discriminator_updates": 0, "microbatches": 104000, "stage": "reconstruction", "loss": 0.13902133703231812, "l1": 0.03972843289375305, "lpips": 0.09476302564144135, "feature": 0.004529878497123718, "g_gan": 0.0, "gan_weight": 0.0, "g_grad_norm": 8.374643325805664, "update_seconds": 1.2659710859879851}
{"generator_updates": 13050, "discriminator_updates": 0, "microbatches": 104400, "stage": "reconstruction", "loss": 0.16766959428787231, "l1": 0.05186987668275833, "lpips": 0.11073137074708939, "feature": 0.005068324506282806, "g_gan": 0.0, "gan_weight": 0.0, "g_grad_norm": 3.3571951389312744, "update_seconds": 1.245364866219461}
[h264 @ 0x574589c1b6c0] mmco: unref short failure
{"generator_updates": 13100, "discriminator_updates": 0, "microbatches": 104800, "stage": "reconstruction", "loss": 0.15950945019721985, "l1": 0.044394154101610184, "lpips": 0.11088600754737854, "feature": 0.00422928249463439, "g_gan": 0.0, "gan_weight": 0.0, "g_grad_norm": 3.0745744705200195, "update_seconds": 1.2763744639232755}
[h264 @ 0x59d380ae48c0] mmco: unref short failure
[h264 @ 0x59d380ae48c0] mmco: unref short failure
[h264 @ 0x59d380ae48c0] mmco: unref short failure
[h264 @ 0x59d380ae48c0] mmco: unref short failure
{"generator_updates": 13150, "discriminator_updates": 0, "microbatches": 105200, "stage": "reconstruction", "loss": 0.16088831424713135, "l1": 0.044439833611249924, "lpips": 0.11181488633155823, "feature": 0.004633590579032898, "g_gan": 0.0, "gan_weight": 0.0, "g_grad_norm": 11.28172492980957, "update_seconds": 1.2784543121233582}
[h264 @ 0x57e5b5059680] mmco: unref short failure
[h264 @ 0x57e5b5059680] mmco: unref short failure
[h264 @ 0x57457e3e9b80] mmco: unref short failure
{"generator_updates": 13200, "discriminator_updates": 0, "microbatches": 105600, "stage": "reconstruction", "loss": 0.13389016687870026, "l1": 0.051051296293735504, "lpips": 0.07853372395038605, "feature": 0.004305135924369097, "g_gan": 0.0, "gan_weight": 0.0, "g_grad_norm": 3.4332215785980225, "update_seconds": 1.2437103381380439}
[h264 @ 0x59d37c02be80] mmco: unref short failure
[h264 @ 0x59d37c02be80] mmco: unref short failure
{"generator_updates": 13250, "discriminator_updates": 0, "microbatches": 106000, "stage": "reconstruction", "loss": 0.14806818962097168, "l1": 0.04470045864582062, "lpips": 0.09834721684455872, "feature": 0.005020509473979473, "g_gan": 0.0, "gan_weight": 0.0, "g_grad_norm": 5.318724632263184, "update_seconds": 1.2919058101251721}
{"generator_updates": 13300, "discriminator_updates": 0, "microbatches": 106400, "stage": "reconstruction", "loss": 0.13168756663799286, "l1": 0.03793451189994812, "lpips": 0.0889577567577362, "feature": 0.004795295652002096, "g_gan": 0.0, "gan_weight": 0.0, "g_grad_norm": 3.5117623805999756, "update_seconds": 1.2718136878684163}
{"generator_updates": 13350, "discriminator_updates": 0, "microbatches": 106800, "stage": "reconstruction", "loss": 0.15614517033100128, "l1": 0.052737779915332794, "lpips": 0.09875320643186569, "feature": 0.0046541932970285416, "g_gan": 0.0, "gan_weight": 0.0, "g_grad_norm": 0.9200728535652161, "update_seconds": 1.226300546899438}
{"generator_updates": 13400, "discriminator_updates": 0, "microbatches": 107200, "stage": "reconstruction", "loss": 0.11682825535535812, "l1": 0.037231966853141785, "lpips": 0.07567377388477325, "feature": 0.003922515083104372, "g_gan": 0.0, "gan_weight": 0.0, "g_grad_norm": 9.409051895141602, "update_seconds": 1.2408936684951186}
{"generator_updates": 13450, "discriminator_updates": 0, "microbatches": 107600, "stage": "reconstruction", "loss": 0.13229352235794067, "l1": 0.03413042053580284, "lpips": 0.09377327561378479, "feature": 0.004389827139675617, "g_gan": 0.0, "gan_weight": 0.0, "g_grad_norm": 11.281076431274414, "update_seconds": 1.2682307185605168}
{"generator_updates": 13500, "discriminator_updates": 0, "microbatches": 108000, "stage": "reconstruction", "loss": 0.1223985105752945, "l1": 0.03620649129152298, "lpips": 0.0822138786315918, "feature": 0.0039781369268894196, "g_gan": 0.0, "gan_weight": 0.0, "g_grad_norm": 1.738186001777649, "update_seconds": 1.2581332381814718}
{"generator_updates": 13550, "discriminator_updates": 0, "microbatches": 108400, "stage": "reconstruction", "loss": 0.15264856815338135, "l1": 0.043129511177539825, "lpips": 0.10497120767831802, "feature": 0.004547846503555775, "g_gan": 0.0, "gan_weight": 0.0, "g_grad_norm": 2.5045878887176514, "update_seconds": 1.306799715384841}
{"generator_updates": 13600, "discriminator_updates": 0, "microbatches": 108800, "stage": "reconstruction", "loss": 0.15405461192131042, "l1": 0.040799498558044434, "lpips": 0.10844677686691284, "feature": 0.004808340687304735, "g_gan": 0.0, "gan_weight": 0.0, "g_grad_norm": 2.4581754207611084, "update_seconds": 1.2772461203858256}
{"generator_updates": 13650, "discriminator_updates": 0, "microbatches": 109200, "stage": "reconstruction", "loss": 0.1379036009311676, "l1": 0.035117752850055695, "lpips": 0.0987284854054451, "feature": 0.004057364538311958, "g_gan": 0.0, "gan_weight": 0.0, "g_grad_norm": 19.821104049682617, "update_seconds": 1.2774033937603235}
[h264 @ 0x56c44c4c1080] mmco: unref short failure
[h264 @ 0x56c44c4c1080] mmco: unref short failure
{"generator_updates": 13700, "discriminator_updates": 0, "microbatches": 109600, "stage": "reconstruction", "loss": 0.13593122363090515, "l1": 0.038840118795633316, "lpips": 0.0929206907749176, "feature": 0.004170417785644531, "g_gan": 0.0, "gan_weight": 0.0, "g_grad_norm": 1.5628039836883545, "update_seconds": 1.2194142770022154}
{"generator_updates": 13750, "discriminator_updates": 0, "microbatches": 110000, "stage": "reconstruction", "loss": 0.1512610912322998, "l1": 0.048948533833026886, "lpips": 0.09795171022415161, "feature": 0.0043608625419437885, "g_gan": 0.0, "gan_weight": 0.0, "g_grad_norm": 5.437135696411133, "update_seconds": 1.3364951582625508}
[h264 @ 0x57e5d9d5e8c0] mmco: unref short failure
[h264 @ 0x57e5d9d5e8c0] mmco: unref short failure
{"generator_updates": 13800, "discriminator_updates": 0, "microbatches": 110400, "stage": "reconstruction", "loss": 0.15374422073364258, "l1": 0.04072042554616928, "lpips": 0.10845164209604263, "feature": 0.004572151228785515, "g_gan": 0.0, "gan_weight": 0.0, "g_grad_norm": 4.4851226806640625, "update_seconds": 1.3340317960828543}
[aac @ 0x57e5a3216840] Reserved bit set.
[aac @ 0x57e5a3216840] invalid band type
{"generator_updates": 13850, "discriminator_updates": 0, "microbatches": 110800, "stage": "reconstruction", "loss": 0.14506465196609497, "l1": 0.04054616764187813, "lpips": 0.09985805302858353, "feature": 0.004660426639020443, "g_gan": 0.0, "gan_weight": 0.0, "g_grad_norm": 17.769248962402344, "update_seconds": 1.256708538159728}
[h264 @ 0x56c44ba25440] mmco: unref short failure
[h264 @ 0x56c44ba25440] mmco: unref short failure
[h264 @ 0x56c438ada4c0] mmco: unref short failure
[h264 @ 0x56c438ada4c0] mmco: unref short failure
[h264 @ 0x56c438ada4c0] mmco: unref short failure
[h264 @ 0x56c438ada4c0] mmco: unref short failure
{"generator_updates": 13900, "discriminator_updates": 0, "microbatches": 111200, "stage": "reconstruction", "loss": 0.14926128089427948, "l1": 0.04609839618206024, "lpips": 0.09868095815181732, "feature": 0.00448194146156311, "g_gan": 0.0, "gan_weight": 0.0, "g_grad_norm": 1.1553056240081787, "update_seconds": 1.289229253306985}
{"generator_updates": 13950, "discriminator_updates": 0, "microbatches": 111600, "stage": "reconstruction", "loss": 0.1585387885570526, "l1": 0.04845079407095909, "lpips": 0.1056138202548027, "feature": 0.004474179819226265, "g_gan": 0.0, "gan_weight": 0.0, "g_grad_norm": 1.0931886434555054, "update_seconds": 1.3328668987378478}
{"generator_updates": 14000, "discriminator_updates": 0, "microbatches": 112000, "stage": "reconstruction", "loss": 0.1236722394824028, "l1": 0.041982799768447876, "lpips": 0.07729355245828629, "feature": 0.004395885858684778, "g_gan": 0.0, "gan_weight": 0.0, "g_grad_norm": 3.3784797191619873, "update_seconds": 1.3004458546638489}
{"generator_updates": 14050, "discriminator_updates": 0, "microbatches": 112400, "stage": "reconstruction", "loss": 0.10253530740737915, "l1": 0.027929840609431267, "lpips": 0.07058164477348328, "feature": 0.004023818764835596, "g_gan": 0.0, "gan_weight": 0.0, "g_grad_norm": 3.566457748413086, "update_seconds": 1.223692748695612}
[h264 @ 0x56c438dabd40] mmco: unref short failure
{"generator_updates": 14100, "discriminator_updates": 0, "microbatches": 112800, "stage": "reconstruction", "loss": 0.1881289780139923, "l1": 0.0556337796151638, "lpips": 0.12814071774482727, "feature": 0.004354494158178568, "g_gan": 0.0, "gan_weight": 0.0, "g_grad_norm": 8.775461196899414, "update_seconds": 1.2880058381706476}
{"generator_updates": 14150, "discriminator_updates": 0, "microbatches": 113200, "stage": "reconstruction", "loss": 0.15135392546653748, "l1": 0.047314662486314774, "lpips": 0.09919250011444092, "feature": 0.0048467619344592094, "g_gan": 0.0, "gan_weight": 0.0, "g_grad_norm": 6.8868889808654785, "update_seconds": 1.2488468047231436}
[h264 @ 0x57e597893440] mmco: unref short failure
[h264 @ 0x57e597893440] mmco: unref short failure
{"generator_updates": 14200, "discriminator_updates": 0, "microbatches": 113600, "stage": "reconstruction", "loss": 0.14518985152244568, "l1": 0.04457000643014908, "lpips": 0.09599755704402924, "feature": 0.004622295498847961, "g_gan": 0.0, "gan_weight": 0.0, "g_grad_norm": 3.0432276725769043, "update_seconds": 1.2744178287684917}
{"generator_updates": 14250, "discriminator_updates": 0, "microbatches": 114000, "stage": "reconstruction", "loss": 0.15076503157615662, "l1": 0.041052598506212234, "lpips": 0.10560554265975952, "feature": 0.004106895998120308, "g_gan": 0.0, "gan_weight": 0.0, "g_grad_norm": 15.800636291503906, "update_seconds": 1.1815969441086054}
{"generator_updates": 14300, "discriminator_updates": 0, "microbatches": 114400, "stage": "reconstruction", "loss": 0.16259585320949554, "l1": 0.040573131293058395, "lpips": 0.11798432469367981, "feature": 0.004038398619741201, "g_gan": 0.0, "gan_weight": 0.0, "g_grad_norm": 15.91845989227295, "update_seconds": 1.3447396950796247}
{"generator_updates": 14350, "discriminator_updates": 0, "microbatches": 114800, "stage": "reconstruction", "loss": 0.1727178692817688, "l1": 0.05187254399061203, "lpips": 0.11645138263702393, "feature": 0.00439393799751997, "g_gan": 0.0, "gan_weight": 0.0, "g_grad_norm": 2.5839507579803467, "update_seconds": 1.3219726346433163}
[h264 @ 0x56c44ba0fc80] mmco: unref short failure
[h264 @ 0x56c44ba0fc80] mmco: unref short failure
{"generator_updates": 14400, "discriminator_updates": 0, "microbatches": 115200, "stage": "reconstruction", "loss": 0.1387968212366104, "l1": 0.0443379282951355, "lpips": 0.09010666608810425, "feature": 0.004352222662419081, "g_gan": 0.0, "gan_weight": 0.0, "g_grad_norm": 1.5730180740356445, "update_seconds": 1.3161342926323414}
{"generator_updates": 14450, "discriminator_updates": 0, "microbatches": 115600, "stage": "reconstruction", "loss": 0.11350196599960327, "l1": 0.03280910104513168, "lpips": 0.07632187008857727, "feature": 0.004371005110442638, "g_gan": 0.0, "gan_weight": 0.0, "g_grad_norm": 3.4359781742095947, "update_seconds": 1.2639627447351813}
{"generator_updates": 14500, "discriminator_updates": 0, "microbatches": 116000, "stage": "reconstruction", "loss": 0.15676359832286835, "l1": 0.04259192571043968, "lpips": 0.10982358455657959, "feature": 0.004348083399236202, "g_gan": 0.0, "gan_weight": 0.0, "g_grad_norm": 5.180073261260986, "update_seconds": 1.2579401573166251}
{"generator_updates": 14550, "discriminator_updates": 0, "microbatches": 116400, "stage": "reconstruction", "loss": 0.12102444469928741, "l1": 0.037061870098114014, "lpips": 0.07967360317707062, "feature": 0.0042889658361673355, "g_gan": 0.0, "gan_weight": 0.0, "g_grad_norm": 11.203721046447754, "update_seconds": 1.2457899861037731}
{"generator_updates": 14600, "discriminator_updates": 0, "microbatches": 116800, "stage": "reconstruction", "loss": 0.14619861543178558, "l1": 0.040307529270648956, "lpips": 0.1018793135881424, "feature": 0.004011763259768486, "g_gan": 0.0, "gan_weight": 0.0, "g_grad_norm": 2.554807186126709, "update_seconds": 1.2856902685016394}
[h264 @ 0x574589e11280] mmco: unref short failure
[h264 @ 0x574589e11280] mmco: unref short failure
{"generator_updates": 14650, "discriminator_updates": 0, "microbatches": 117200, "stage": "reconstruction", "loss": 0.1235312670469284, "l1": 0.03848940134048462, "lpips": 0.08022383600473404, "feature": 0.0048180241137743, "g_gan": 0.0, "gan_weight": 0.0, "g_grad_norm": 4.157625198364258, "update_seconds": 1.351426417939365}
{"generator_updates": 14700, "discriminator_updates": 0, "microbatches": 117600, "stage": "reconstruction", "loss": 0.15955719351768494, "l1": 0.04627157002687454, "lpips": 0.10895223170518875, "feature": 0.004333409480750561, "g_gan": 0.0, "gan_weight": 0.0, "g_grad_norm": 5.5614914894104, "update_seconds": 1.3002787958830595}
{"generator_updates": 14750, "discriminator_updates": 0, "microbatches": 118000, "stage": "reconstruction", "loss": 0.1321730613708496, "l1": 0.041858453303575516, "lpips": 0.08635035902261734, "feature": 0.003964241594076157, "g_gan": 0.0, "gan_weight": 0.0, "g_grad_norm": 7.039399147033691, "update_seconds": 1.306455041281879}
[h264 @ 0x57e5b4d4e580] mmco: unref short failure
{"generator_updates": 14800, "discriminator_updates": 0, "microbatches": 118400, "stage": "reconstruction", "loss": 0.12805189192295074, "l1": 0.03583880513906479, "lpips": 0.08812718093395233, "feature": 0.004085908643901348, "g_gan": 0.0, "gan_weight": 0.0, "g_grad_norm": 10.47401237487793, "update_seconds": 1.1862643975764513}
[h264 @ 0x57458bb352c0] mmco: unref short failure
[h264 @ 0x57458bb352c0] mmco: unref short failure
{"generator_updates": 14850, "discriminator_updates": 0, "microbatches": 118800, "stage": "reconstruction", "loss": 0.1295381486415863, "l1": 0.04670315980911255, "lpips": 0.07909145206212997, "feature": 0.0037435488775372505, "g_gan": 0.0, "gan_weight": 0.0, "g_grad_norm": 4.0693159103393555, "update_seconds": 1.2454426297917962}
{"generator_updates": 14900, "discriminator_updates": 0, "microbatches": 119200, "stage": "reconstruction", "loss": 0.12961286306381226, "l1": 0.03800540789961815, "lpips": 0.0872710570693016, "feature": 0.004336396232247353, "g_gan": 0.0, "gan_weight": 0.0, "g_grad_norm": 10.64421272277832, "update_seconds": 1.3403219701722264}
{"generator_updates": 14950, "discriminator_updates": 0, "microbatches": 119600, "stage": "reconstruction", "loss": 0.11368982493877411, "l1": 0.03740280866622925, "lpips": 0.07236117124557495, "feature": 0.003925857599824667, "g_gan": 0.0, "gan_weight": 0.0, "g_grad_norm": 8.835041999816895, "update_seconds": 1.3580668903887272}
{"generator_updates": 15000, "discriminator_updates": 0, "microbatches": 120000, "stage": "reconstruction", "loss": 0.13685517013072968, "l1": 0.03811344504356384, "lpips": 0.09467481821775436, "feature": 0.004066895693540573, "g_gan": 0.0, "gan_weight": 0.0, "g_grad_norm": 2.738611936569214, "update_seconds": 1.2752349004149437}
[h264 @ 0x56c413d1fe80] mmco: unref short failure
[h264 @ 0x56c413d1fe80] mmco: unref short failure
{"generator_updates": 15050, "discriminator_updates": 0, "microbatches": 120400, "stage": "reconstruction", "loss": 0.1606784462928772, "l1": 0.0526653490960598, "lpips": 0.1032392829656601, "feature": 0.004773811902850866, "g_gan": 0.0, "gan_weight": 0.0, "g_grad_norm": 11.888978004455566, "update_seconds": 1.2892408482730389}
[h264 @ 0x57458ba43fc0] mmco: unref short failure
[h264 @ 0x57458ba43fc0] mmco: unref short failure
{"generator_updates": 15100, "discriminator_updates": 0, "microbatches": 120800, "stage": "reconstruction", "loss": 0.13466666638851166, "l1": 0.04082317277789116, "lpips": 0.089621901512146, "feature": 0.00422159768640995, "g_gan": 0.0, "gan_weight": 0.0, "g_grad_norm": 1.9520025253295898, "update_seconds": 1.2646391121670604}
{"generator_updates": 15150, "discriminator_updates": 0, "microbatches": 121200, "stage": "reconstruction", "loss": 0.13421116769313812, "l1": 0.03703039512038231, "lpips": 0.0932660847902298, "feature": 0.00391469057649374, "g_gan": 0.0, "gan_weight": 0.0, "g_grad_norm": 7.162664413452148, "update_seconds": 1.2998103396967053}
[aac @ 0x574579949bc0] Reserved bit set.
[aac @ 0x574579949bc0] invalid band type
{"generator_updates": 15200, "discriminator_updates": 0, "microbatches": 121600, "stage": "reconstruction", "loss": 0.12951532006263733, "l1": 0.04284289479255676, "lpips": 0.0825195461511612, "feature": 0.004152868874371052, "g_gan": 0.0, "gan_weight": 0.0, "g_grad_norm": 3.320246934890747, "update_seconds": 1.2656188067048788}
{"generator_updates": 15250, "discriminator_updates": 0, "microbatches": 122000, "stage": "reconstruction", "loss": 0.11567825824022293, "l1": 0.033171866089105606, "lpips": 0.07877303659915924, "feature": 0.003733355551958084, "g_gan": 0.0, "gan_weight": 0.0, "g_grad_norm": 4.275116920471191, "update_seconds": 1.2752368589863181}
{"generator_updates": 15300, "discriminator_updates": 0, "microbatches": 122400, "stage": "reconstruction", "loss": 0.12527906894683838, "l1": 0.034369710832834244, "lpips": 0.08705100417137146, "feature": 0.0038583511486649513, "g_gan": 0.0, "gan_weight": 0.0, "g_grad_norm": 4.03117561340332, "update_seconds": 1.2829631567001343}
[h264 @ 0x59d368199cc0] mmco: unref short failure
[h264 @ 0x59d368199cc0] mmco: unref short failure
[h264 @ 0x59d368199cc0] mmco: unref short failure
[h264 @ 0x59d368199cc0] mmco: unref short failure
{"generator_updates": 15350, "discriminator_updates": 0, "microbatches": 122800, "stage": "reconstruction", "loss": 0.13032612204551697, "l1": 0.03183335065841675, "lpips": 0.09484513849020004, "feature": 0.0036476366221904755, "g_gan": 0.0, "gan_weight": 0.0, "g_grad_norm": 6.354828357696533, "update_seconds": 1.2376524284482002}
[h264 @ 0x57457e404200] mmco: unref short failure
{"generator_updates": 15400, "discriminator_updates": 0, "microbatches": 123200, "stage": "reconstruction", "loss": 0.15821078419685364, "l1": 0.05002946779131889, "lpips": 0.10368151217699051, "feature": 0.004499801434576511, "g_gan": 0.0, "gan_weight": 0.0, "g_grad_norm": 2.362582206726074, "update_seconds": 1.203298857435584}
{"generator_updates": 15450, "discriminator_updates": 0, "microbatches": 123600, "stage": "reconstruction", "loss": 0.11219535768032074, "l1": 0.033860281109809875, "lpips": 0.07446850836277008, "feature": 0.0038665737956762314, "g_gan": 0.0, "gan_weight": 0.0, "g_grad_norm": 0.8094238042831421, "update_seconds": 1.2521740607917309}
{"generator_updates": 15500, "discriminator_updates": 0, "microbatches": 124000, "stage": "reconstruction", "loss": 0.112826406955719, "l1": 0.03225187584757805, "lpips": 0.07661839574575424, "feature": 0.003956129774451256, "g_gan": 0.0, "gan_weight": 0.0, "g_grad_norm": 1.3347982168197632, "update_seconds": 1.3138471320271492}
[h264 @ 0x56c413ff32c0] mmco: unref short failure
[h264 @ 0x56c413ff32c0] mmco: unref short failure
[h264 @ 0x57e5979f5c80] mmco: unref short failure
{"generator_updates": 15550, "discriminator_updates": 0, "microbatches": 124400, "stage": "reconstruction", "loss": 0.15349800884723663, "l1": 0.043367207050323486, "lpips": 0.1059291735291481, "feature": 0.004201626405119896, "g_gan": 0.0, "gan_weight": 0.0, "g_grad_norm": 6.51266622543335, "update_seconds": 1.3010382251814008}
{"generator_updates": 15600, "discriminator_updates": 0, "microbatches": 124800, "stage": "reconstruction", "loss": 0.14777377247810364, "l1": 0.04516182094812393, "lpips": 0.09854885935783386, "feature": 0.004063076805323362, "g_gan": 0.0, "gan_weight": 0.0, "g_grad_norm": 2.356516122817993, "update_seconds": 1.2358254380524158}
[h264 @ 0x57e592f96d00] mmco: unref short failure
[h264 @ 0x57e592f96d00] mmco: unref short failure
{"generator_updates": 15650, "discriminator_updates": 0, "microbatches": 125200, "stage": "reconstruction", "loss": 0.118338942527771, "l1": 0.035821542143821716, "lpips": 0.07858972996473312, "feature": 0.003927677869796753, "g_gan": 0.0, "gan_weight": 0.0, "g_grad_norm": 1.5658068656921387, "update_seconds": 1.2913724072277546}
{"generator_updates": 15700, "discriminator_updates": 0, "microbatches": 125600, "stage": "reconstruction", "loss": 0.09615778923034668, "l1": 0.025341082364320755, "lpips": 0.06697271764278412, "feature": 0.0038439894560724497, "g_gan": 0.0, "gan_weight": 0.0, "g_grad_norm": 7.116244792938232, "update_seconds": 1.2783592641353607}
[h264 @ 0x57457e3e9b80] mmco: unref short failure
{"generator_updates": 15750, "discriminator_updates": 0, "microbatches": 126000, "stage": "reconstruction", "loss": 0.1375964879989624, "l1": 0.0445503294467926, "lpips": 0.088312529027462, "feature": 0.004733625333756208, "g_gan": 0.0, "gan_weight": 0.0, "g_grad_norm": 3.240384101867676, "update_seconds": 1.2541093500331044}
{"generator_updates": 15800, "discriminator_updates": 0, "microbatches": 126400, "stage": "reconstruction", "loss": 0.17518766224384308, "l1": 0.0534757524728775, "lpips": 0.11779192835092545, "feature": 0.003919962793588638, "g_gan": 0.0, "gan_weight": 0.0, "g_grad_norm": 1.458105444908142, "update_seconds": 1.3200454516336322}
{"generator_updates": 15850, "discriminator_updates": 0, "microbatches": 126800, "stage": "reconstruction", "loss": 0.10891317576169968, "l1": 0.028575733304023743, "lpips": 0.07688621431589127, "feature": 0.003451223950833082, "g_gan": 0.0, "gan_weight": 0.0, "g_grad_norm": 4.4063520431518555, "update_seconds": 1.2768398197367787}
[h264 @ 0x57e5979aec40] mmco: unref short failure
[h264 @ 0x57e5979aec40] mmco: unref short failure
{"generator_updates": 15900, "discriminator_updates": 0, "microbatches": 127200, "stage": "reconstruction", "loss": 0.1576751470565796, "l1": 0.051738351583480835, "lpips": 0.1019260585308075, "feature": 0.004010749980807304, "g_gan": 0.0, "gan_weight": 0.0, "g_grad_norm": 0.8607098460197449, "update_seconds": 1.2498445063829422}
{"generator_updates": 15950, "discriminator_updates": 0, "microbatches": 127600, "stage": "reconstruction", "loss": 0.15642213821411133, "l1": 0.049491189420223236, "lpips": 0.10313524305820465, "feature": 0.0037957122549414635, "g_gan": 0.0, "gan_weight": 0.0, "g_grad_norm": 0.8026294708251953, "update_seconds": 1.2018242981284857}
{"generator_updates": 16000, "discriminator_updates": 0, "microbatches": 128000, "stage": "reconstruction", "loss": 0.19057077169418335, "l1": 0.047746025025844574, "lpips": 0.13911113142967224, "feature": 0.003713620826601982, "g_gan": 0.0, "gan_weight": 0.0, "g_grad_norm": 1.171711802482605, "update_seconds": 1.2450159965083003}
{"generator_updates": 16050, "discriminator_updates": 0, "microbatches": 128400, "stage": "reconstruction", "loss": 0.13713639974594116, "l1": 0.04569628834724426, "lpips": 0.08677089214324951, "feature": 0.004669214133173227, "g_gan": 0.0, "gan_weight": 0.0, "g_grad_norm": 3.5911545753479004, "update_seconds": 1.2109000850468874}
{"generator_updates": 16100, "discriminator_updates": 0, "microbatches": 128800, "stage": "reconstruction", "loss": 0.17053435742855072, "l1": 0.047600384801626205, "lpips": 0.11894562840461731, "feature": 0.003988347481936216, "g_gan": 0.0, "gan_weight": 0.0, "g_grad_norm": 5.895895481109619, "update_seconds": 1.3159008454531431}
{"generator_updates": 16150, "discriminator_updates": 0, "microbatches": 129200, "stage": "reconstruction", "loss": 0.14754296839237213, "l1": 0.03874851018190384, "lpips": 0.10499376058578491, "feature": 0.003800688311457634, "g_gan": 0.0, "gan_weight": 0.0, "g_grad_norm": 2.332719087600708, "update_seconds": 1.2313970336690545}
{"generator_updates": 16200, "discriminator_updates": 0, "microbatches": 129600, "stage": "reconstruction", "loss": 0.1390761286020279, "l1": 0.04029912129044533, "lpips": 0.09458540380001068, "feature": 0.004191594198346138, "g_gan": 0.0, "gan_weight": 0.0, "g_grad_norm": 3.816950798034668, "update_seconds": 1.3164196694269776}
{"generator_updates": 16250, "discriminator_updates": 0, "microbatches": 130000, "stage": "reconstruction", "loss": 0.10944342613220215, "l1": 0.03376900032162666, "lpips": 0.07202430814504623, "feature": 0.003650129307061434, "g_gan": 0.0, "gan_weight": 0.0, "g_grad_norm": 2.067307233810425, "update_seconds": 1.2763270195573568}
[h264 @ 0x56c438b2bb40] mmco: unref short failure
[h264 @ 0x56c438b2bb40] mmco: unref short failure
[h264 @ 0x56c438b2bb40] mmco: unref short failure
[h264 @ 0x56c438b2bb40] mmco: unref short failure
[h264 @ 0x57e5a351dac0] mmco: unref short failure
[h264 @ 0x57e5a351dac0] mmco: unref short failure
[h264 @ 0x57e5a351dac0] mmco: unref short failure
[h264 @ 0x57e5a351dac0] mmco: unref short failure
{"generator_updates": 16300, "discriminator_updates": 0, "microbatches": 130400, "stage": "reconstruction", "loss": 0.16166692972183228, "l1": 0.04446548968553543, "lpips": 0.11333080381155014, "feature": 0.0038706299383193254, "g_gan": 0.0, "gan_weight": 0.0, "g_grad_norm": 5.881904125213623, "update_seconds": 1.3194772358983755}
{"generator_updates": 16350, "discriminator_updates": 0, "microbatches": 130800, "stage": "reconstruction", "loss": 0.10857698321342468, "l1": 0.03125675767660141, "lpips": 0.07389887422323227, "feature": 0.0034213606268167496, "g_gan": 0.0, "gan_weight": 0.0, "g_grad_norm": 2.2702653408050537, "update_seconds": 1.2566764345392585}
{"generator_updates": 16400, "discriminator_updates": 0, "microbatches": 131200, "stage": "reconstruction", "loss": 0.14583033323287964, "l1": 0.04516282677650452, "lpips": 0.09675444662570953, "feature": 0.00391306821256876, "g_gan": 0.0, "gan_weight": 0.0, "g_grad_norm": 1.55629301071167, "update_seconds": 1.2095562824979424}
[h264 @ 0x56c44bb8ba80] mmco: unref short failure
{"generator_updates": 16450, "discriminator_updates": 0, "microbatches": 131600, "stage": "reconstruction", "loss": 0.12825527787208557, "l1": 0.03305520862340927, "lpips": 0.09100118279457092, "feature": 0.004198871552944183, "g_gan": 0.0, "gan_weight": 0.0, "g_grad_norm": 12.72830581665039, "update_seconds": 1.2370644491165876}
{"generator_updates": 16500, "discriminator_updates": 0, "microbatches": 132000, "stage": "reconstruction", "loss": 0.10324543714523315, "l1": 0.025171253830194473, "lpips": 0.07439897954463959, "feature": 0.0036752058658748865, "g_gan": 0.0, "gan_weight": 0.0, "g_grad_norm": 1.420681118965149, "update_seconds": 1.302218877710402}
{"generator_updates": 16550, "discriminator_updates": 0, "microbatches": 132400, "stage": "reconstruction", "loss": 0.12912878394126892, "l1": 0.03390689194202423, "lpips": 0.09115935862064362, "feature": 0.00406254455447197, "g_gan": 0.0, "gan_weight": 0.0, "g_grad_norm": 16.152809143066406, "update_seconds": 1.2290916303172708}
{"generator_updates": 16600, "discriminator_updates": 0, "microbatches": 132800, "stage": "reconstruction", "loss": 0.13976582884788513, "l1": 0.04569937661290169, "lpips": 0.08980453759431839, "feature": 0.004261920694261789, "g_gan": 0.0, "gan_weight": 0.0, "g_grad_norm": 1.9762108325958252, "update_seconds": 1.2850622395053506}
[h264 @ 0x57457a2428c0] mmco: unref short failure
{"generator_updates": 16650, "discriminator_updates": 0, "microbatches": 133200, "stage": "reconstruction", "loss": 0.1305740475654602, "l1": 0.04036223515868187, "lpips": 0.08601424843072891, "feature": 0.00419756630435586, "g_gan": 0.0, "gan_weight": 0.0, "g_grad_norm": 1.3371473550796509, "update_seconds": 1.2346874047070742}
{"generator_updates": 16700, "discriminator_updates": 0, "microbatches": 133600, "stage": "reconstruction", "loss": 0.11540523916482925, "l1": 0.03605986386537552, "lpips": 0.07573626190423965, "feature": 0.003609105944633484, "g_gan": 0.0, "gan_weight": 0.0, "g_grad_norm": 2.0999844074249268, "update_seconds": 1.2431055828928947}
[h264 @ 0x57457e4eef40] mmco: unref short failure
{"generator_updates": 16750, "discriminator_updates": 0, "microbatches": 134000, "stage": "reconstruction", "loss": 0.13820236921310425, "l1": 0.04404371604323387, "lpips": 0.09026213735342026, "feature": 0.003896514419466257, "g_gan": 0.0, "gan_weight": 0.0, "g_grad_norm": 1.62644362449646, "update_seconds": 1.2810496799647808}
[aac @ 0x56c438a6a7c0] Reserved bit set.
[aac @ 0x56c438a6a7c0] invalid band type
{"generator_updates": 16800, "discriminator_updates": 0, "microbatches": 134400, "stage": "reconstruction", "loss": 0.12013206630945206, "l1": 0.03916097804903984, "lpips": 0.0770302340388298, "feature": 0.0039408463053405285, "g_gan": 0.0, "gan_weight": 0.0, "g_grad_norm": 3.128850221633911, "update_seconds": 1.2899097064509988}
{"generator_updates": 16850, "discriminator_updates": 0, "microbatches": 134800, "stage": "reconstruction", "loss": 0.12724490463733673, "l1": 0.03581468015909195, "lpips": 0.08731161057949066, "feature": 0.00411860691383481, "g_gan": 0.0, "gan_weight": 0.0, "g_grad_norm": 1.3720799684524536, "update_seconds": 1.2303815092891455}
{"generator_updates": 16900, "discriminator_updates": 0, "microbatches": 135200, "stage": "reconstruction", "loss": 0.13828548789024353, "l1": 0.03772444278001785, "lpips": 0.09643355011940002, "feature": 0.0041274926625192165, "g_gan": 0.0, "gan_weight": 0.0, "g_grad_norm": 18.226367950439453, "update_seconds": 1.2676652064546943}
[h264 @ 0x57457e3e9b80] mmco: unref short failure
[h264 @ 0x57457e3e9b80] mmco: unref short failure
[h264 @ 0x57457e3e9b80] mmco: unref short failure
[h264 @ 0x57457e3e9b80] mmco: unref short failure
[h264 @ 0x56c413ec5e40] mmco: unref short failure
{"generator_updates": 16950, "discriminator_updates": 0, "microbatches": 135600, "stage": "reconstruction", "loss": 0.1347615271806717, "l1": 0.043466921895742416, "lpips": 0.08729415386915207, "feature": 0.004000433720648289, "g_gan": 0.0, "gan_weight": 0.0, "g_grad_norm": 3.974250078201294, "update_seconds": 1.2302006669342518}
{"generator_updates": 17000, "discriminator_updates": 0, "microbatches": 136000, "stage": "reconstruction", "loss": 0.09798245131969452, "l1": 0.030480453744530678, "lpips": 0.06373274326324463, "feature": 0.003769255243241787, "g_gan": 0.0, "gan_weight": 0.0, "g_grad_norm": 2.046351909637451, "update_seconds": 1.2338429922237992}
{"generator_updates": 17050, "discriminator_updates": 0, "microbatches": 136400, "stage": "reconstruction", "loss": 0.16052314639091492, "l1": 0.04991396144032478, "lpips": 0.1069059818983078, "feature": 0.0037032049149274826, "g_gan": 0.0, "gan_weight": 0.0, "g_grad_norm": 1.1246097087860107, "update_seconds": 1.226648086681962}
{"generator_updates": 17100, "discriminator_updates": 0, "microbatches": 136800, "stage": "reconstruction", "loss": 0.134425550699234, "l1": 0.04320935159921646, "lpips": 0.08723537623882294, "feature": 0.003980827517807484, "g_gan": 0.0, "gan_weight": 0.0, "g_grad_norm": 1.9676157236099243, "update_seconds": 1.2684246711432934}
{"generator_updates": 17150, "discriminator_updates": 0, "microbatches": 137200, "stage": "reconstruction", "loss": 0.14304602146148682, "l1": 0.041603926569223404, "lpips": 0.09759011119604111, "feature": 0.003851980669423938, "g_gan": 0.0, "gan_weight": 0.0, "g_grad_norm": 6.943530082702637, "update_seconds": 1.3287705956026912}
{"generator_updates": 17200, "discriminator_updates": 0, "microbatches": 137600, "stage": "reconstruction", "loss": 0.14094625413417816, "l1": 0.03857932239770889, "lpips": 0.0982741117477417, "feature": 0.0040928274393081665, "g_gan": 0.0, "gan_weight": 0.0, "g_grad_norm": 8.91312026977539, "update_seconds": 1.2114301873371005}
{"generator_updates": 17250, "discriminator_updates": 0, "microbatches": 138000, "stage": "reconstruction", "loss": 0.1483292132616043, "l1": 0.045823097229003906, "lpips": 0.09881375730037689, "feature": 0.003692368045449257, "g_gan": 0.0, "gan_weight": 0.0, "g_grad_norm": 12.860322952270508, "update_seconds": 1.2995386002585292}
{"generator_updates": 17300, "discriminator_updates": 0, "microbatches": 138400, "stage": "reconstruction", "loss": 0.14483514428138733, "l1": 0.04149788245558739, "lpips": 0.09878475219011307, "feature": 0.004552505910396576, "g_gan": 0.0, "gan_weight": 0.0, "g_grad_norm": 5.4284820556640625, "update_seconds": 1.2908850032836199}
{"generator_updates": 17350, "discriminator_updates": 0, "microbatches": 138800, "stage": "reconstruction", "loss": 0.1271038055419922, "l1": 0.040113382041454315, "lpips": 0.08300458639860153, "feature": 0.003985842689871788, "g_gan": 0.0, "gan_weight": 0.0, "g_grad_norm": 8.083088874816895, "update_seconds": 1.3222003802657127}
[h264 @ 0x56c40a145f80] mmco: unref short failure
[h264 @ 0x59d367fb01c0] mmco: unref short failure
[h264 @ 0x59d367fb01c0] mmco: unref short failure
[h264 @ 0x59d367fb01c0] mmco: unref short failure
[h264 @ 0x59d367fb01c0] mmco: unref short failure
{"generator_updates": 17400, "discriminator_updates": 0, "microbatches": 139200, "stage": "reconstruction", "loss": 0.12409234046936035, "l1": 0.04443252459168434, "lpips": 0.07607705891132355, "feature": 0.003582746721804142, "g_gan": 0.0, "gan_weight": 0.0, "g_grad_norm": 7.746589183807373, "update_seconds": 1.2262853877618909}
{"generator_updates": 17450, "discriminator_updates": 0, "microbatches": 139600, "stage": "reconstruction", "loss": 0.14865230023860931, "l1": 0.0499301552772522, "lpips": 0.09485796093940735, "feature": 0.003864190774038434, "g_gan": 0.0, "gan_weight": 0.0, "g_grad_norm": 2.469902992248535, "update_seconds": 1.2794106295332313}
{"generator_updates": 17500, "discriminator_updates": 0, "microbatches": 140000, "stage": "reconstruction", "loss": 0.13731691241264343, "l1": 0.04243367910385132, "lpips": 0.09055256843566895, "feature": 0.00433066301047802, "g_gan": 0.0, "gan_weight": 0.0, "g_grad_norm": 9.583855628967285, "update_seconds": 1.2465532310307026}
{"generator_updates": 17550, "discriminator_updates": 0, "microbatches": 140400, "stage": "reconstruction", "loss": 0.1516026258468628, "l1": 0.04297124221920967, "lpips": 0.10485650599002838, "feature": 0.0037748669274151325, "g_gan": 0.0, "gan_weight": 0.0, "g_grad_norm": 3.483968734741211, "update_seconds": 1.2517385063692927}
{"generator_updates": 17600, "discriminator_updates": 0, "microbatches": 140800, "stage": "reconstruction", "loss": 0.1078864336013794, "l1": 0.026209551841020584, "lpips": 0.07807956635951996, "feature": 0.003597314702346921, "g_gan": 0.0, "gan_weight": 0.0, "g_grad_norm": 10.6708345413208, "update_seconds": 1.2381086349487305}
[h264 @ 0x57457e431000] mmco: unref short failure
[h264 @ 0x57457e431000] mmco: unref short failure
[h264 @ 0x57457e431000] mmco: unref short failure
[h264 @ 0x57457e431000] mmco: unref short failure
[aac @ 0x57458bbedf40] Reserved bit set.
[aac @ 0x57458bbedf40] invalid band type
[h264 @ 0x59d3a6b12600] mmco: unref short failure
{"generator_updates": 17650, "discriminator_updates": 0, "microbatches": 141200, "stage": "reconstruction", "loss": 0.13840460777282715, "l1": 0.04236827790737152, "lpips": 0.09225036203861237, "feature": 0.0037859557196497917, "g_gan": 0.0, "gan_weight": 0.0, "g_grad_norm": 6.903039932250977, "update_seconds": 1.2546103820204735}
{"generator_updates": 17700, "discriminator_updates": 0, "microbatches": 141600, "stage": "reconstruction", "loss": 0.10778676718473434, "l1": 0.03753034397959709, "lpips": 0.06627143919467926, "feature": 0.003984981216490269, "g_gan": 0.0, "gan_weight": 0.0, "g_grad_norm": 1.3829289674758911, "update_seconds": 1.237459272146225}
{"generator_updates": 17750, "discriminator_updates": 0, "microbatches": 142000, "stage": "reconstruction", "loss": 0.12752459943294525, "l1": 0.041465021669864655, "lpips": 0.08230895549058914, "feature": 0.0037506301887333393, "g_gan": 0.0, "gan_weight": 0.0, "g_grad_norm": 2.722337007522583, "update_seconds": 1.2548060333356261}
{"generator_updates": 17800, "discriminator_updates": 0, "microbatches": 142400, "stage": "reconstruction", "loss": 0.1642025113105774, "l1": 0.0504591166973114, "lpips": 0.10939349979162216, "feature": 0.004349901340901852, "g_gan": 0.0, "gan_weight": 0.0, "g_grad_norm": 14.67130184173584, "update_seconds": 1.2626987416297197}
{"generator_updates": 17850, "discriminator_updates": 0, "microbatches": 142800, "stage": "reconstruction", "loss": 0.14815658330917358, "l1": 0.048796381801366806, "lpips": 0.09559512138366699, "feature": 0.0037650896701961756, "g_gan": 0.0, "gan_weight": 0.0, "g_grad_norm": 5.624425888061523, "update_seconds": 1.2908545900136232}
{"generator_updates": 17900, "discriminator_updates": 0, "microbatches": 143200, "stage": "reconstruction", "loss": 0.11278574913740158, "l1": 0.038407135754823685, "lpips": 0.07030995935201645, "feature": 0.004068651702255011, "g_gan": 0.0, "gan_weight": 0.0, "g_grad_norm": 7.7474365234375, "update_seconds": 1.2187932450324297}
{"generator_updates": 17950, "discriminator_updates": 0, "microbatches": 143600, "stage": "reconstruction", "loss": 0.12242881953716278, "l1": 0.038081370294094086, "lpips": 0.08037449419498444, "feature": 0.003972968086600304, "g_gan": 0.0, "gan_weight": 0.0, "g_grad_norm": 12.075895309448242, "update_seconds": 1.2444711420685053}
{"generator_updates": 18000, "discriminator_updates": 0, "microbatches": 144000, "stage": "reconstruction", "loss": 0.17373673617839813, "l1": 0.052081525325775146, "lpips": 0.11786647886037827, "feature": 0.00378872686997056, "g_gan": 0.0, "gan_weight": 0.0, "g_grad_norm": 1.7920833826065063, "update_seconds": 1.3405502755194902}
[h264 @ 0x57e597c22600] mmco: unref short failure
[h264 @ 0x57e597c22600] mmco: unref short failure
{"generator_updates": 18050, "discriminator_updates": 0, "microbatches": 144400, "stage": "reconstruction", "loss": 0.16775362193584442, "l1": 0.03819522261619568, "lpips": 0.12534701824188232, "feature": 0.004211393650621176, "g_gan": 0.0, "gan_weight": 0.0, "g_grad_norm": 13.653719902038574, "update_seconds": 1.3360990267246962}
{"generator_updates": 18100, "discriminator_updates": 0, "microbatches": 144800, "stage": "reconstruction", "loss": 0.12571540474891663, "l1": 0.030815254896879196, "lpips": 0.09144346415996552, "feature": 0.0034566903486847878, "g_gan": 0.0, "gan_weight": 0.0, "g_grad_norm": 30.86784553527832, "update_seconds": 1.262548309750855}
{"generator_updates": 18150, "discriminator_updates": 0, "microbatches": 145200, "stage": "reconstruction", "loss": 0.09245368838310242, "l1": 0.02805815450847149, "lpips": 0.06079540774226189, "feature": 0.003600118216127157, "g_gan": 0.0, "gan_weight": 0.0, "g_grad_norm": 6.434211730957031, "update_seconds": 1.272522633895278}
[h264 @ 0x56c413d8ce80] mmco: unref short failure
[h264 @ 0x56c413d8ce80] mmco: unref short failure
{"generator_updates": 18200, "discriminator_updates": 0, "microbatches": 145600, "stage": "reconstruction", "loss": 0.10646501183509827, "l1": 0.033217571675777435, "lpips": 0.06944624334573746, "feature": 0.0038011951837688684, "g_gan": 0.0, "gan_weight": 0.0, "g_grad_norm": 3.7030951976776123, "update_seconds": 1.2925012651830912}
{"generator_updates": 18250, "discriminator_updates": 0, "microbatches": 146000, "stage": "reconstruction", "loss": 0.11046594381332397, "l1": 0.029212940484285355, "lpips": 0.07778176665306091, "feature": 0.0034712417982518673, "g_gan": 0.0, "gan_weight": 0.0, "g_grad_norm": 8.95948314666748, "update_seconds": 1.2638279339298606}
[h264 @ 0x574589b70fc0] mmco: unref short failure
[h264 @ 0x574589b70fc0] mmco: unref short failure
[h264 @ 0x57458bbb9580] mmco: unref short failure
[h264 @ 0x57458bbb9580] mmco: unref short failure
{"generator_updates": 18300, "discriminator_updates": 0, "microbatches": 146400, "stage": "reconstruction", "loss": 0.14128291606903076, "l1": 0.04791936278343201, "lpips": 0.08955701440572739, "feature": 0.003806537017226219, "g_gan": 0.0, "gan_weight": 0.0, "g_grad_norm": 6.575117588043213, "update_seconds": 1.254953309893608}
[h264 @ 0x59d380aa3700] mmco: unref short failure
{"generator_updates": 18350, "discriminator_updates": 0, "microbatches": 146800, "stage": "reconstruction", "loss": 0.10272399336099625, "l1": 0.030702030286192894, "lpips": 0.06878367811441422, "feature": 0.0032382758799940348, "g_gan": 0.0, "gan_weight": 0.0, "g_grad_norm": 1.5985044240951538, "update_seconds": 1.249766488559544}
{"generator_updates": 18400, "discriminator_updates": 0, "microbatches": 147200, "stage": "reconstruction", "loss": 0.12866054475307465, "l1": 0.03582128509879112, "lpips": 0.08878856152296066, "feature": 0.004050707444548607, "g_gan": 0.0, "gan_weight": 0.0, "g_grad_norm": 4.643333435058594, "update_seconds": 1.2801235178485513}
{"generator_updates": 18450, "discriminator_updates": 0, "microbatches": 147600, "stage": "reconstruction", "loss": 0.09741108119487762, "l1": 0.029821153730154037, "lpips": 0.06407730281352997, "feature": 0.0035126188304275274, "g_gan": 0.0, "gan_weight": 0.0, "g_grad_norm": 4.1110687255859375, "update_seconds": 1.2537209643051028}
{"generator_updates": 18500, "discriminator_updates": 0, "microbatches": 148000, "stage": "reconstruction", "loss": 0.12446372210979462, "l1": 0.03157878667116165, "lpips": 0.08908814191818237, "feature": 0.0037967811804264784, "g_gan": 0.0, "gan_weight": 0.0, "g_grad_norm": 5.24025821685791, "update_seconds": 1.2439089436084032}
{"generator_updates": 18550, "discriminator_updates": 0, "microbatches": 148400, "stage": "reconstruction", "loss": 0.15916024148464203, "l1": 0.049093686044216156, "lpips": 0.10612356662750244, "feature": 0.003943000920116901, "g_gan": 0.0, "gan_weight": 0.0, "g_grad_norm": 6.848196029663086, "update_seconds": 1.2927575455978513}
[h264 @ 0x57457e253540] mmco: unref short failure
[h264 @ 0x57457e253540] mmco: unref short failure
[h264 @ 0x57457e253540] mmco: unref short failure
[h264 @ 0x57457e253540] mmco: unref short failure
{"generator_updates": 18600, "discriminator_updates": 0, "microbatches": 148800, "stage": "reconstruction", "loss": 0.1161794513463974, "l1": 0.03473927080631256, "lpips": 0.07751808315515518, "feature": 0.003922092262655497, "g_gan": 0.0, "gan_weight": 0.0, "g_grad_norm": 5.093020915985107, "update_seconds": 1.2107851542532444}
[h264 @ 0x57457e404200] mmco: unref short failure
[h264 @ 0x57457e404200] mmco: unref short failure
[h264 @ 0x57457e404200] mmco: unref short failure
[h264 @ 0x57457e404200] mmco: unref short failure
{"generator_updates": 18650, "discriminator_updates": 0, "microbatches": 149200, "stage": "reconstruction", "loss": 0.14392173290252686, "l1": 0.0454229861497879, "lpips": 0.0950605571269989, "feature": 0.0034381886944174767, "g_gan": 0.0, "gan_weight": 0.0, "g_grad_norm": 0.8686395287513733, "update_seconds": 1.2919300273060799}
{"generator_updates": 18700, "discriminator_updates": 0, "microbatches": 149600, "stage": "reconstruction", "loss": 0.10254974663257599, "l1": 0.032577868551015854, "lpips": 0.06642813235521317, "feature": 0.0035437438637018204, "g_gan": 0.0, "gan_weight": 0.0, "g_grad_norm": 6.463005542755127, "update_seconds": 1.2443733187392354}
{"generator_updates": 18750, "discriminator_updates": 0, "microbatches": 150000, "stage": "reconstruction", "loss": 0.1283033788204193, "l1": 0.037829164415597916, "lpips": 0.08680950850248337, "feature": 0.003664703108370304, "g_gan": 0.0, "gan_weight": 0.0, "g_grad_norm": 2.7749102115631104, "update_seconds": 1.317072968930006}
{"generator_updates": 18800, "discriminator_updates": 0, "microbatches": 150400, "stage": "reconstruction", "loss": 0.1732061207294464, "l1": 0.04660576581954956, "lpips": 0.12267260253429413, "feature": 0.0039277514442801476, "g_gan": 0.0, "gan_weight": 0.0, "g_grad_norm": 4.050958633422852, "update_seconds": 1.3158726636320353}
{"generator_updates": 18850, "discriminator_updates": 0, "microbatches": 150800, "stage": "reconstruction", "loss": 0.14371244609355927, "l1": 0.03980066627264023, "lpips": 0.10028349608182907, "feature": 0.0036282860673964024, "g_gan": 0.0, "gan_weight": 0.0, "g_grad_norm": 1.5047672986984253, "update_seconds": 1.2333025829866529}
[h264 @ 0x574566b31e00] mmco: unref short failure
[h264 @ 0x574566b31e00] mmco: unref short failure
{"generator_updates": 18900, "discriminator_updates": 0, "microbatches": 151200, "stage": "reconstruction", "loss": 0.13572390377521515, "l1": 0.04169633984565735, "lpips": 0.09000323712825775, "feature": 0.004024319350719452, "g_gan": 0.0, "gan_weight": 0.0, "g_grad_norm": 6.617465496063232, "update_seconds": 1.2205378022044897}
{"generator_updates": 18950, "discriminator_updates": 0, "microbatches": 151600, "stage": "reconstruction", "loss": 0.12688389420509338, "l1": 0.040718887001276016, "lpips": 0.08253007382154465, "feature": 0.003634931519627571, "g_gan": 0.0, "gan_weight": 0.0, "g_grad_norm": 1.6808656454086304, "update_seconds": 1.2361655021086335}
{"generator_updates": 19000, "discriminator_updates": 0, "microbatches": 152000, "stage": "reconstruction", "loss": 0.1174541711807251, "l1": 0.03750233352184296, "lpips": 0.07584970444440842, "feature": 0.004102134145796299, "g_gan": 0.0, "gan_weight": 0.0, "g_grad_norm": 5.881786346435547, "update_seconds": 1.3051454033702612}
[h264 @ 0x574566929c00] mmco: unref short failure
[h264 @ 0x574566929c00] mmco: unref short failure
{"generator_updates": 19050, "discriminator_updates": 0, "microbatches": 152400, "stage": "reconstruction", "loss": 0.13784198462963104, "l1": 0.043256573379039764, "lpips": 0.09031589329242706, "feature": 0.004269517492502928, "g_gan": 0.0, "gan_weight": 0.0, "g_grad_norm": 18.05856704711914, "update_seconds": 1.3916537258774042}
{"generator_updates": 19100, "discriminator_updates": 0, "microbatches": 152800, "stage": "reconstruction", "loss": 0.1199972927570343, "l1": 0.035880204290151596, "lpips": 0.07980850338935852, "feature": 0.004308589734137058, "g_gan": 0.0, "gan_weight": 0.0, "g_grad_norm": 11.607086181640625, "update_seconds": 1.2697325311601162}
{"generator_updates": 19150, "discriminator_updates": 0, "microbatches": 153200, "stage": "reconstruction", "loss": 0.12023414671421051, "l1": 0.034606337547302246, "lpips": 0.08188378810882568, "feature": 0.0037440271116793156, "g_gan": 0.0, "gan_weight": 0.0, "g_grad_norm": 1.1555440425872803, "update_seconds": 1.2670878674834967}
[h264 @ 0x57e5979a5ec0] mmco: unref short failure
[h264 @ 0x57e597abc440] mmco: unref short failure
[h264 @ 0x57e597abc440] mmco: unref short failure
[h264 @ 0x57e597abc440] mmco: unref short failure
[h264 @ 0x57e597abc440] mmco: unref short failure
{"generator_updates": 19200, "discriminator_updates": 0, "microbatches": 153600, "stage": "reconstruction", "loss": 0.09992553293704987, "l1": 0.025522250682115555, "lpips": 0.07103589177131653, "feature": 0.0033673797734081745, "g_gan": 0.0, "gan_weight": 0.0, "g_grad_norm": 6.127408981323242, "update_seconds": 1.308079969137907}
{"generator_updates": 19250, "discriminator_updates": 0, "microbatches": 154000, "stage": "reconstruction", "loss": 0.1844632923603058, "l1": 0.048249490559101105, "lpips": 0.13217106461524963, "feature": 0.004042749293148518, "g_gan": 0.0, "gan_weight": 0.0, "g_grad_norm": 4.144698143005371, "update_seconds": 1.3533201767131686}
{"generator_updates": 19300, "discriminator_updates": 0, "microbatches": 154400, "stage": "reconstruction", "loss": 0.13760438561439514, "l1": 0.04731915891170502, "lpips": 0.08645717799663544, "feature": 0.003828059183433652, "g_gan": 0.0, "gan_weight": 0.0, "g_grad_norm": 2.3507633209228516, "update_seconds": 1.252178787253797}
[h264 @ 0x57457e3e9b80] mmco: unref short failure
[h264 @ 0x57457e3e9b80] mmco: unref short failure
{"generator_updates": 19350, "discriminator_updates": 0, "microbatches": 154800, "stage": "reconstruction", "loss": 0.10589243471622467, "l1": 0.024722803384065628, "lpips": 0.07746747136116028, "feature": 0.0037021543830633163, "g_gan": 0.0, "gan_weight": 0.0, "g_grad_norm": 22.566858291625977, "update_seconds": 1.22826823964715}
[h264 @ 0x56c44c4c6e00] mmco: unref short failure
[h264 @ 0x56c44c4c6e00] mmco: unref short failure
{"generator_updates": 19400, "discriminator_updates": 0, "microbatches": 155200, "stage": "reconstruction", "loss": 0.15103375911712646, "l1": 0.04345766454935074, "lpips": 0.10377424955368042, "feature": 0.003801848739385605, "g_gan": 0.0, "gan_weight": 0.0, "g_grad_norm": 3.808840036392212, "update_seconds": 1.291827604174614}
{"generator_updates": 19450, "discriminator_updates": 0, "microbatches": 155600, "stage": "reconstruction", "loss": 0.13693372905254364, "l1": 0.04080474004149437, "lpips": 0.09230973571538925, "feature": 0.0038192598149180412, "g_gan": 0.0, "gan_weight": 0.0, "g_grad_norm": 3.237647533416748, "update_seconds": 1.2833795938640833}
{"generator_updates": 19500, "discriminator_updates": 0, "microbatches": 156000, "stage": "reconstruction", "loss": 0.10661856085062027, "l1": 0.03166569024324417, "lpips": 0.07126360386610031, "feature": 0.0036892732605338097, "g_gan": 0.0, "gan_weight": 0.0, "g_grad_norm": 6.731631278991699, "update_seconds": 1.3078035712242126}
{"generator_updates": 19550, "discriminator_updates": 0, "microbatches": 156400, "stage": "reconstruction", "loss": 0.119701087474823, "l1": 0.03535529226064682, "lpips": 0.0810367539525032, "feature": 0.0033090361393988132, "g_gan": 0.0, "gan_weight": 0.0, "g_grad_norm": 5.884526252746582, "update_seconds": 1.2535097170621157}
{"generator_updates": 19600, "discriminator_updates": 0, "microbatches": 156800, "stage": "reconstruction", "loss": 0.09886553883552551, "l1": 0.03757885843515396, "lpips": 0.057689119130373, "feature": 0.003597560804337263, "g_gan": 0.0, "gan_weight": 0.0, "g_grad_norm": 2.033090591430664, "update_seconds": 1.2287079486995935}
[h264 @ 0x57458ba16080] mmco: unref short failure
[h264 @ 0x57458ba16080] mmco: unref short failure
[h264 @ 0x57457e404200] mmco: unref short failure
[h264 @ 0x57457e404200] mmco: unref short failure
[h264 @ 0x57457e404200] mmco: unref short failure
[h264 @ 0x57457e404200] mmco: unref short failure
{"generator_updates": 19650, "discriminator_updates": 0, "microbatches": 157200, "stage": "reconstruction", "loss": 0.1205706000328064, "l1": 0.03595321625471115, "lpips": 0.08091422915458679, "feature": 0.003703146241605282, "g_gan": 0.0, "gan_weight": 0.0, "g_grad_norm": 1.4330908060073853, "update_seconds": 1.3052678368985653}
{"generator_updates": 19700, "discriminator_updates": 0, "microbatches": 157600, "stage": "reconstruction", "loss": 0.13367430865764618, "l1": 0.0386245995759964, "lpips": 0.09158595651388168, "feature": 0.0034637409262359142, "g_gan": 0.0, "gan_weight": 0.0, "g_grad_norm": 2.406946897506714, "update_seconds": 1.3772658742964268}
[h264 @ 0x57e5a3142f00] mmco: unref short failure
{"generator_updates": 19750, "discriminator_updates": 0, "microbatches": 158000, "stage": "reconstruction", "loss": 0.15217453241348267, "l1": 0.042854923754930496, "lpips": 0.10560642927885056, "feature": 0.003713181708008051, "g_gan": 0.0, "gan_weight": 0.0, "g_grad_norm": 3.7765023708343506, "update_seconds": 1.3100931849330664}
{"generator_updates": 19800, "discriminator_updates": 0, "microbatches": 158400, "stage": "reconstruction", "loss": 0.13801279664039612, "l1": 0.043959762901067734, "lpips": 0.09052624553442001, "feature": 0.0035267919301986694, "g_gan": 0.0, "gan_weight": 0.0, "g_grad_norm": 4.271408557891846, "update_seconds": 1.278755477629602}
{"generator_updates": 19850, "discriminator_updates": 0, "microbatches": 158800, "stage": "reconstruction", "loss": 0.08907751739025116, "l1": 0.027033071964979172, "lpips": 0.058267079293727875, "feature": 0.003777371719479561, "g_gan": 0.0, "gan_weight": 0.0, "g_grad_norm": 10.648268699645996, "update_seconds": 1.3173123020678759}
{"generator_updates": 19900, "discriminator_updates": 0, "microbatches": 159200, "stage": "reconstruction", "loss": 0.132390558719635, "l1": 0.04220933839678764, "lpips": 0.08627714961767197, "feature": 0.0039040648844093084, "g_gan": 0.0, "gan_weight": 0.0, "g_grad_norm": 3.261082649230957, "update_seconds": 1.2283446490764618}
{"generator_updates": 19950, "discriminator_updates": 0, "microbatches": 159600, "stage": "reconstruction", "loss": 0.14866876602172852, "l1": 0.03977006673812866, "lpips": 0.10560590773820877, "feature": 0.0032928010914474726, "g_gan": 0.0, "gan_weight": 0.0, "g_grad_norm": 8.905754089355469, "update_seconds": 1.2556605888530612}
[aac @ 0x59d380b8c900] Reserved bit set.
[aac @ 0x59d380b8c900] invalid band type
{"generator_updates": 20000, "discriminator_updates": 0, "microbatches": 160000, "stage": "reconstruction", "loss": 0.14329349994659424, "l1": 0.04615895450115204, "lpips": 0.09345531463623047, "feature": 0.0036792363971471786, "g_gan": 0.0, "gan_weight": 0.0, "g_grad_norm": 3.3277320861816406, "update_seconds": 1.2019287124276161}
{"generator_updates": 20050, "discriminator_updates": 0, "microbatches": 160400, "stage": "reconstruction", "loss": 0.13631713390350342, "l1": 0.04516442120075226, "lpips": 0.08723184466362, "feature": 0.0039208801463246346, "g_gan": 0.0, "gan_weight": 0.0, "g_grad_norm": 1.6487942934036255, "update_seconds": 1.288043113425374}
[h264 @ 0x59d368314580] mmco: unref short failure
[h264 @ 0x59d368314580] mmco: unref short failure
[h264 @ 0x59d368314580] mmco: unref short failure
[h264 @ 0x59d368314580] mmco: unref short failure
{"generator_updates": 20100, "discriminator_updates": 0, "microbatches": 160800, "stage": "reconstruction", "loss": 0.15435022115707397, "l1": 0.043543748557567596, "lpips": 0.10694296658039093, "feature": 0.0038634994998574257, "g_gan": 0.0, "gan_weight": 0.0, "g_grad_norm": 1.9271986484527588, "update_seconds": 1.2887794254347682}
{"generator_updates": 20150, "discriminator_updates": 0, "microbatches": 161200, "stage": "reconstruction", "loss": 0.15650787949562073, "l1": 0.05395971238613129, "lpips": 0.09869375824928284, "feature": 0.0038544004783034325, "g_gan": 0.0, "gan_weight": 0.0, "g_grad_norm": 1.7685784101486206, "update_seconds": 1.3406573049724102}
[h264 @ 0x574589d94040] mmco: unref short failure
[h264 @ 0x574589d94040] mmco: unref short failure
{"generator_updates": 20200, "discriminator_updates": 0, "microbatches": 161600, "stage": "reconstruction", "loss": 0.14827018976211548, "l1": 0.04378977417945862, "lpips": 0.1010190099477768, "feature": 0.0034614112228155136, "g_gan": 0.0, "gan_weight": 0.0, "g_grad_norm": 4.330442905426025, "update_seconds": 1.2687498778104782}
{"generator_updates": 20250, "discriminator_updates": 0, "microbatches": 162000, "stage": "reconstruction", "loss": 0.14296771585941315, "l1": 0.04948588088154793, "lpips": 0.0898318737745285, "feature": 0.0036499626003205776, "g_gan": 0.0, "gan_weight": 0.0, "g_grad_norm": 6.50953483581543, "update_seconds": 1.3022587494924664}
[h264 @ 0x57458ba470c0] mmco: unref short failure
{"generator_updates": 20300, "discriminator_updates": 0, "microbatches": 162400, "stage": "reconstruction", "loss": 0.10962007939815521, "l1": 0.029228173196315765, "lpips": 0.07653697580099106, "feature": 0.0038549210876226425, "g_gan": 0.0, "gan_weight": 0.0, "g_grad_norm": 6.1776628494262695, "update_seconds": 1.1707183560356498}
[h264 @ 0x57457e39dc00] mmco: unref short failure
[h264 @ 0x57457e39dc00] mmco: unref short failure
{"generator_updates": 20350, "discriminator_updates": 0, "microbatches": 162800, "stage": "reconstruction", "loss": 0.10529526323080063, "l1": 0.03334599733352661, "lpips": 0.0685594230890274, "feature": 0.0033898367546498775, "g_gan": 0.0, "gan_weight": 0.0, "g_grad_norm": 3.833031177520752, "update_seconds": 1.264539591036737}
{"generator_updates": 20400, "discriminator_updates": 0, "microbatches": 163200, "stage": "reconstruction", "loss": 0.1807134449481964, "l1": 0.04897448047995567, "lpips": 0.127696692943573, "feature": 0.0040422766469419, "g_gan": 0.0, "gan_weight": 0.0, "g_grad_norm": 3.4052724838256836, "update_seconds": 1.2781944340094924}
{"generator_updates": 20450, "discriminator_updates": 0, "microbatches": 163600, "stage": "reconstruction", "loss": 0.13975204527378082, "l1": 0.04895465075969696, "lpips": 0.08721011132001877, "feature": 0.003587279235944152, "g_gan": 0.0, "gan_weight": 0.0, "g_grad_norm": 6.4450860023498535, "update_seconds": 1.2721866415813565}
[aac @ 0x56c44b269bc0] Reserved bit set.
[aac @ 0x56c44b269bc0] invalid band type
{"generator_updates": 20500, "discriminator_updates": 0, "microbatches": 164000, "stage": "reconstruction", "loss": 0.14373289048671722, "l1": 0.03856542333960533, "lpips": 0.10121461749076843, "feature": 0.003952848259359598, "g_gan": 0.0, "gan_weight": 0.0, "g_grad_norm": 6.549525260925293, "update_seconds": 1.2577138915657997}
{"generator_updates": 20550, "discriminator_updates": 0, "microbatches": 164400, "stage": "reconstruction", "loss": 0.16201022267341614, "l1": 0.04811925068497658, "lpips": 0.11029118299484253, "feature": 0.0035997810773551464, "g_gan": 0.0, "gan_weight": 0.0, "g_grad_norm": 1.5667264461517334, "update_seconds": 1.3027088241651654}
{"generator_updates": 20600, "discriminator_updates": 0, "microbatches": 164800, "stage": "reconstruction", "loss": 0.11633852869272232, "l1": 0.03256083279848099, "lpips": 0.08073043823242188, "feature": 0.0030472627840936184, "g_gan": 0.0, "gan_weight": 0.0, "g_grad_norm": 3.752873420715332, "update_seconds": 1.299364823848009}
{"generator_updates": 20650, "discriminator_updates": 0, "microbatches": 165200, "stage": "reconstruction", "loss": 0.1575561761856079, "l1": 0.04607565328478813, "lpips": 0.10788244009017944, "feature": 0.0035980725660920143, "g_gan": 0.0, "gan_weight": 0.0, "g_grad_norm": 2.1134939193725586, "update_seconds": 1.3161664325743914}
[h264 @ 0x56c44badc440] mmco: unref short failure
{"generator_updates": 20700, "discriminator_updates": 0, "microbatches": 165600, "stage": "reconstruction", "loss": 0.1402950882911682, "l1": 0.041563697159290314, "lpips": 0.0951068252325058, "feature": 0.0036245565861463547, "g_gan": 0.0, "gan_weight": 0.0, "g_grad_norm": 1.2814518213272095, "update_seconds": 1.328086462803185}
{"generator_updates": 20750, "discriminator_updates": 0, "microbatches": 166000, "stage": "reconstruction", "loss": 0.14921283721923828, "l1": 0.0394311249256134, "lpips": 0.1061059832572937, "feature": 0.003675726242363453, "g_gan": 0.0, "gan_weight": 0.0, "g_grad_norm": 4.3673553466796875, "update_seconds": 1.322900271974504}
[h264 @ 0x57e5a3147900] mmco: unref short failure
[h264 @ 0x57e5a3147900] mmco: unref short failure
[h264 @ 0x57e5a3147900] mmco: unref short failure
[h264 @ 0x57e5a3147900] mmco: unref short failure
{"generator_updates": 20800, "discriminator_updates": 0, "microbatches": 166400, "stage": "reconstruction", "loss": 0.17156533896923065, "l1": 0.043867968022823334, "lpips": 0.12395569682121277, "feature": 0.003741657827049494, "g_gan": 0.0, "gan_weight": 0.0, "g_grad_norm": 2.2611141204833984, "update_seconds": 1.3614482954144478}
{"generator_updates": 20850, "discriminator_updates": 0, "microbatches": 166800, "stage": "reconstruction", "loss": 0.12237629294395447, "l1": 0.04232638329267502, "lpips": 0.07582832127809525, "feature": 0.004221594892442226, "g_gan": 0.0, "gan_weight": 0.0, "g_grad_norm": 10.479984283447266, "update_seconds": 1.3376748384907842}
{"generator_updates": 20900, "discriminator_updates": 0, "microbatches": 167200, "stage": "reconstruction", "loss": 0.09427712857723236, "l1": 0.026661865413188934, "lpips": 0.06374312192201614, "feature": 0.0038721435703337193, "g_gan": 0.0, "gan_weight": 0.0, "g_grad_norm": 3.8937950134277344, "update_seconds": 1.2409068662673235}
{"generator_updates": 20950, "discriminator_updates": 0, "microbatches": 167600, "stage": "reconstruction", "loss": 0.13186880946159363, "l1": 0.031848978251218796, "lpips": 0.0968477874994278, "feature": 0.003172042779624462, "g_gan": 0.0, "gan_weight": 0.0, "g_grad_norm": 1.7530666589736938, "update_seconds": 1.2097548181191087}
[h264 @ 0x57457e3f1f00] mmco: unref short failure
[h264 @ 0x57457e3f1f00] mmco: unref short failure
[h264 @ 0x57457e3f1f00] mmco: unref short failure
[h264 @ 0x57457e3f1f00] mmco: unref short failure
{"generator_updates": 21000, "discriminator_updates": 0, "microbatches": 168000, "stage": "reconstruction", "loss": 0.14230693876743317, "l1": 0.036641836166381836, "lpips": 0.10228687524795532, "feature": 0.0033782310783863068, "g_gan": 0.0, "gan_weight": 0.0, "g_grad_norm": 3.4792068004608154, "update_seconds": 1.2849988639354706}
{"generator_updates": 21050, "discriminator_updates": 0, "microbatches": 168400, "stage": "reconstruction", "loss": 0.10511244833469391, "l1": 0.028514988720417023, "lpips": 0.07312224805355072, "feature": 0.0034752152860164642, "g_gan": 0.0, "gan_weight": 0.0, "g_grad_norm": 4.645771503448486, "update_seconds": 1.214726086705923}
[h264 @ 0x59d367fd4640] mmco: unref short failure
[h264 @ 0x59d367fd4640] mmco: unref short failure
{"generator_updates": 21100, "discriminator_updates": 0, "microbatches": 168800, "stage": "reconstruction", "loss": 0.12487538158893585, "l1": 0.03736470639705658, "lpips": 0.08406365662813187, "feature": 0.0034470101818442345, "g_gan": 0.0, "gan_weight": 0.0, "g_grad_norm": 1.68122398853302, "update_seconds": 1.2808135114610195}
{"generator_updates": 21150, "discriminator_updates": 0, "microbatches": 169200, "stage": "reconstruction", "loss": 0.09585217386484146, "l1": 0.02908441424369812, "lpips": 0.0633753091096878, "feature": 0.0033924542367458344, "g_gan": 0.0, "gan_weight": 0.0, "g_grad_norm": 3.236241579055786, "update_seconds": 1.2520366525277495}
{"generator_updates": 21200, "discriminator_updates": 0, "microbatches": 169600, "stage": "reconstruction", "loss": 0.15081219375133514, "l1": 0.04512329399585724, "lpips": 0.10155046731233597, "feature": 0.004138427320867777, "g_gan": 0.0, "gan_weight": 0.0, "g_grad_norm": 1.2385268211364746, "update_seconds": 1.3116430435329676}
[h264 @ 0x57457e252fc0] mmco: unref short failure
[h264 @ 0x57457e252fc0] mmco: unref short failure
{"generator_updates": 21250, "discriminator_updates": 0, "microbatches": 170000, "stage": "reconstruction", "loss": 0.1103193461894989, "l1": 0.031933292746543884, "lpips": 0.07499834895133972, "feature": 0.0033877131063491106, "g_gan": 0.0, "gan_weight": 0.0, "g_grad_norm": 1.674390435218811, "update_seconds": 1.2582454811781645}
{"generator_updates": 21300, "discriminator_updates": 0, "microbatches": 170400, "stage": "reconstruction", "loss": 0.1323453187942505, "l1": 0.0370481051504612, "lpips": 0.09184831380844116, "feature": 0.0034489044919610023, "g_gan": 0.0, "gan_weight": 0.0, "g_grad_norm": 2.084899425506592, "update_seconds": 1.248980670236051}
[h264 @ 0x57e59787ef00] mmco: unref short failure
[h264 @ 0x57e59787ef00] mmco: unref short failure
[h264 @ 0x57e59787ef00] mmco: unref short failure
[h264 @ 0x57e59787ef00] mmco: unref short failure
{"generator_updates": 21350, "discriminator_updates": 0, "microbatches": 170800, "stage": "reconstruction", "loss": 0.10589715838432312, "l1": 0.03084236942231655, "lpips": 0.07192022353410721, "feature": 0.0031345649622380733, "g_gan": 0.0, "gan_weight": 0.0, "g_grad_norm": 1.949937105178833, "update_seconds": 1.2289995336905122}
{"generator_updates": 21400, "discriminator_updates": 0, "microbatches": 171200, "stage": "reconstruction", "loss": 0.11412028223276138, "l1": 0.03695494681596756, "lpips": 0.07352781295776367, "feature": 0.003637526649981737, "g_gan": 0.0, "gan_weight": 0.0, "g_grad_norm": 2.4419569969177246, "update_seconds": 1.2858338607475162}
{"generator_updates": 21450, "discriminator_updates": 0, "microbatches": 171600, "stage": "reconstruction", "loss": 0.10604888200759888, "l1": 0.030818751081824303, "lpips": 0.07194248586893082, "feature": 0.0032876390032470226, "g_gan": 0.0, "gan_weight": 0.0, "g_grad_norm": 1.7989505529403687, "update_seconds": 1.2777845077216625}
[aac @ 0x57e5978ea200] Reserved bit set.
[aac @ 0x57e5978ea200] invalid band type
{"generator_updates": 21500, "discriminator_updates": 0, "microbatches": 172000, "stage": "reconstruction", "loss": 0.15223054587841034, "l1": 0.05094095692038536, "lpips": 0.09756892919540405, "feature": 0.0037206525448709726, "g_gan": 0.0, "gan_weight": 0.0, "g_grad_norm": 3.781437397003174, "update_seconds": 1.2213302943855524}
[h264 @ 0x57457e1e0740] mmco: unref short failure
[h264 @ 0x57457e1e0740] mmco: unref short failure
{"generator_updates": 21550, "discriminator_updates": 0, "microbatches": 172400, "stage": "reconstruction", "loss": 0.09789499640464783, "l1": 0.03345540910959244, "lpips": 0.06096379831433296, "feature": 0.003475787118077278, "g_gan": 0.0, "gan_weight": 0.0, "g_grad_norm": 13.040937423706055, "update_seconds": 1.1865384615957737}
{"generator_updates": 21600, "discriminator_updates": 0, "microbatches": 172800, "stage": "reconstruction", "loss": 0.12377072870731354, "l1": 0.039902180433273315, "lpips": 0.08038394898176193, "feature": 0.0034845909103751183, "g_gan": 0.0, "gan_weight": 0.0, "g_grad_norm": 4.206956386566162, "update_seconds": 1.2286595851182938}
{"generator_updates": 21650, "discriminator_updates": 0, "microbatches": 173200, "stage": "reconstruction", "loss": 0.14778879284858704, "l1": 0.04823298379778862, "lpips": 0.09590180218219757, "feature": 0.0036539980210363865, "g_gan": 0.0, "gan_weight": 0.0, "g_grad_norm": 4.664294242858887, "update_seconds": 1.3243276253342628}
[h264 @ 0x56c438d47280] mmco: unref short failure
[h264 @ 0x56c438d47280] mmco: unref short failure
[h264 @ 0x56c438d47280] mmco: unref short failure
[h264 @ 0x56c438d47280] mmco: unref short failure
[h264 @ 0x59d37c2227c0] mmco: unref short failure
{"generator_updates": 21700, "discriminator_updates": 0, "microbatches": 173600, "stage": "reconstruction", "loss": 0.11170344054698944, "l1": 0.03982539474964142, "lpips": 0.06825922429561615, "feature": 0.003618823364377022, "g_gan": 0.0, "gan_weight": 0.0, "g_grad_norm": 2.904599189758301, "update_seconds": 1.2937548840418458}
{"generator_updates": 21750, "discriminator_updates": 0, "microbatches": 174000, "stage": "reconstruction", "loss": 0.18005669116973877, "l1": 0.05268654227256775, "lpips": 0.12355756014585495, "feature": 0.003812577109783888, "g_gan": 0.0, "gan_weight": 0.0, "g_grad_norm": 4.98097562789917, "update_seconds": 1.3384886318817735}
[h264 @ 0x56c409fbba40] mmco: unref short failure
[h264 @ 0x56c409fbba40] mmco: unref short failure
[h264 @ 0x56c409fbba40] mmco: unref short failure
[h264 @ 0x56c409fbba40] mmco: unref short failure
{"generator_updates": 21800, "discriminator_updates": 0, "microbatches": 174400, "stage": "reconstruction", "loss": 0.11760612577199936, "l1": 0.03802919387817383, "lpips": 0.07611919194459915, "feature": 0.0034577285405248404, "g_gan": 0.0, "gan_weight": 0.0, "g_grad_norm": 2.8332295417785645, "update_seconds": 1.2818518793210387}
{"generator_updates": 21850, "discriminator_updates": 0, "microbatches": 174800, "stage": "reconstruction", "loss": 0.14069946110248566, "l1": 0.041989538818597794, "lpips": 0.09512552618980408, "feature": 0.0035843963269144297, "g_gan": 0.0, "gan_weight": 0.0, "g_grad_norm": 3.1004765033721924, "update_seconds": 1.2493496984243393}
[h264 @ 0x57457e50df00] mmco: unref short failure
[h264 @ 0x57457e50df00] mmco: unref short failure
{"generator_updates": 21900, "discriminator_updates": 0, "microbatches": 175200, "stage": "reconstruction", "loss": 0.14935150742530823, "l1": 0.04382392764091492, "lpips": 0.10173147916793823, "feature": 0.0037960957270115614, "g_gan": 0.0, "gan_weight": 0.0, "g_grad_norm": 1.9458683729171753, "update_seconds": 1.2793691037222743}
{"generator_updates": 21950, "discriminator_updates": 0, "microbatches": 175600, "stage": "reconstruction", "loss": 0.11102001368999481, "l1": 0.030586184933781624, "lpips": 0.0770149752497673, "feature": 0.0034188595600426197, "g_gan": 0.0, "gan_weight": 0.0, "g_grad_norm": 3.5544331073760986, "update_seconds": 1.303730987943709}
{"generator_updates": 22000, "discriminator_updates": 0, "microbatches": 176000, "stage": "reconstruction", "loss": 0.12483258545398712, "l1": 0.040242359042167664, "lpips": 0.08118072152137756, "feature": 0.0034095076844096184, "g_gan": 0.0, "gan_weight": 0.0, "g_grad_norm": 1.5647228956222534, "update_seconds": 1.3306111190468073}
[h264 @ 0x574589d94040] mmco: unref short failure
[h264 @ 0x574589d94040] mmco: unref short failure
[h264 @ 0x59d37bfdc040] mmco: unref short failure
{"generator_updates": 22050, "discriminator_updates": 0, "microbatches": 176400, "stage": "reconstruction", "loss": 0.11258025467395782, "l1": 0.036289893090724945, "lpips": 0.07300245761871338, "feature": 0.0032879093196243048, "g_gan": 0.0, "gan_weight": 0.0, "g_grad_norm": 1.1866096258163452, "update_seconds": 1.1837954996153712}
[h264 @ 0x57457e3e9b80] mmco: unref short failure
[h264 @ 0x57457e3e9b80] mmco: unref short failure
{"generator_updates": 22100, "discriminator_updates": 0, "microbatches": 176800, "stage": "reconstruction", "loss": 0.12195061892271042, "l1": 0.034438975155353546, "lpips": 0.0841134786605835, "feature": 0.0033981564920395613, "g_gan": 0.0, "gan_weight": 0.0, "g_grad_norm": 2.692758798599243, "update_seconds": 1.3039834778755903}
{"generator_updates": 22150, "discriminator_updates": 0, "microbatches": 177200, "stage": "reconstruction", "loss": 0.12194259464740753, "l1": 0.041241440922021866, "lpips": 0.07719011604785919, "feature": 0.003511028131470084, "g_gan": 0.0, "gan_weight": 0.0, "g_grad_norm": 5.191845893859863, "update_seconds": 1.3596191499382257}
{"generator_updates": 22200, "discriminator_updates": 0, "microbatches": 177600, "stage": "reconstruction", "loss": 0.11406243592500687, "l1": 0.03519144281744957, "lpips": 0.07537012547254562, "feature": 0.0035008653067052364, "g_gan": 0.0, "gan_weight": 0.0, "g_grad_norm": 12.446931838989258, "update_seconds": 1.3120748028159142}
{"generator_updates": 22250, "discriminator_updates": 0, "microbatches": 178000, "stage": "reconstruction", "loss": 0.13625547289848328, "l1": 0.03692294657230377, "lpips": 0.09598609060049057, "feature": 0.003346430603414774, "g_gan": 0.0, "gan_weight": 0.0, "g_grad_norm": 1.5658568143844604, "update_seconds": 1.3111220560967922}
{"generator_updates": 22300, "discriminator_updates": 0, "microbatches": 178400, "stage": "reconstruction", "loss": 0.1479341983795166, "l1": 0.040156491100788116, "lpips": 0.10362923890352249, "feature": 0.00414847070351243, "g_gan": 0.0, "gan_weight": 0.0, "g_grad_norm": 25.739912033081055, "update_seconds": 1.263451974838972}
{"generator_updates": 22350, "discriminator_updates": 0, "microbatches": 178800, "stage": "reconstruction", "loss": 0.11400584876537323, "l1": 0.03652726486325264, "lpips": 0.07372529804706573, "feature": 0.0037532844580709934, "g_gan": 0.0, "gan_weight": 0.0, "g_grad_norm": 4.514528274536133, "update_seconds": 1.2397636342793703}
{"generator_updates": 22400, "discriminator_updates": 0, "microbatches": 179200, "stage": "reconstruction", "loss": 0.12103864550590515, "l1": 0.03596188500523567, "lpips": 0.08115806430578232, "feature": 0.003918701782822609, "g_gan": 0.0, "gan_weight": 0.0, "g_grad_norm": 2.6474993228912354, "update_seconds": 1.3367639752104878}
{"generator_updates": 22450, "discriminator_updates": 0, "microbatches": 179600, "stage": "reconstruction", "loss": 0.1576584130525589, "l1": 0.04462689161300659, "lpips": 0.10931962728500366, "feature": 0.0037118946202099323, "g_gan": 0.0, "gan_weight": 0.0, "g_grad_norm": 2.99017071723938, "update_seconds": 1.2936470489948988}
{"generator_updates": 22500, "discriminator_updates": 0, "microbatches": 180000, "stage": "reconstruction", "loss": 0.12559440732002258, "l1": 0.04001295566558838, "lpips": 0.08203475177288055, "feature": 0.003546712454408407, "g_gan": 0.0, "gan_weight": 0.0, "g_grad_norm": 3.0970606803894043, "update_seconds": 1.2534905709326267}
{"generator_updates": 22550, "discriminator_updates": 0, "microbatches": 180400, "stage": "reconstruction", "loss": 0.12778349220752716, "l1": 0.03518667444586754, "lpips": 0.0889359787106514, "feature": 0.0036608318332582712, "g_gan": 0.0, "gan_weight": 0.0, "g_grad_norm": 9.752938270568848, "update_seconds": 1.254965454339981}
{"generator_updates": 22600, "discriminator_updates": 0, "microbatches": 180800, "stage": "reconstruction", "loss": 0.14890530705451965, "l1": 0.04711462929844856, "lpips": 0.09814232587814331, "feature": 0.003648337908089161, "g_gan": 0.0, "gan_weight": 0.0, "g_grad_norm": 4.015439033508301, "update_seconds": 1.2899397043511271}
{"generator_updates": 22650, "discriminator_updates": 0, "microbatches": 181200, "stage": "reconstruction", "loss": 0.12715983390808105, "l1": 0.03309125453233719, "lpips": 0.09064462780952454, "feature": 0.0034239429514855146, "g_gan": 0.0, "gan_weight": 0.0, "g_grad_norm": 7.296640396118164, "update_seconds": 1.2883732821792364}
[h264 @ 0x57e5979079c0] mmco: unref short failure
[h264 @ 0x57e5979079c0] mmco: unref short failure
{"generator_updates": 22700, "discriminator_updates": 0, "microbatches": 181600, "stage": "reconstruction", "loss": 0.1234918162226677, "l1": 0.035037439316511154, "lpips": 0.08462776988744736, "feature": 0.003826606087386608, "g_gan": 0.0, "gan_weight": 0.0, "g_grad_norm": 4.497444152832031, "update_seconds": 1.191407112404704}
{"generator_updates": 22750, "discriminator_updates": 0, "microbatches": 182000, "stage": "reconstruction", "loss": 0.10776005685329437, "l1": 0.03287142887711525, "lpips": 0.07132262736558914, "feature": 0.0035660015419125557, "g_gan": 0.0, "gan_weight": 0.0, "g_grad_norm": 3.3326940536499023, "update_seconds": 1.2429970083758235}
{"generator_updates": 22800, "discriminator_updates": 0, "microbatches": 182400, "stage": "reconstruction", "loss": 0.12528905272483826, "l1": 0.03361424803733826, "lpips": 0.08838890492916107, "feature": 0.0032859081402420998, "g_gan": 0.0, "gan_weight": 0.0, "g_grad_norm": 11.94143295288086, "update_seconds": 1.2538093607872725}
{"generator_updates": 22850, "discriminator_updates": 0, "microbatches": 182800, "stage": "reconstruction", "loss": 0.1285480111837387, "l1": 0.037329405546188354, "lpips": 0.0877915471792221, "feature": 0.003427063813433051, "g_gan": 0.0, "gan_weight": 0.0, "g_grad_norm": 23.715789794921875, "update_seconds": 1.3126449966803193}
{"generator_updates": 22900, "discriminator_updates": 0, "microbatches": 183200, "stage": "reconstruction", "loss": 0.11139051616191864, "l1": 0.02976079471409321, "lpips": 0.07821024954319, "feature": 0.0034194737672805786, "g_gan": 0.0, "gan_weight": 0.0, "g_grad_norm": 7.61947774887085, "update_seconds": 1.2892380710691214}
[h264 @ 0x57e5b4fdf0c0] mmco: unref short failure
{"generator_updates": 22950, "discriminator_updates": 0, "microbatches": 183600, "stage": "reconstruction", "loss": 0.1203729510307312, "l1": 0.034945715218782425, "lpips": 0.08214133977890015, "feature": 0.003285900689661503, "g_gan": 0.0, "gan_weight": 0.0, "g_grad_norm": 2.758479356765747, "update_seconds": 1.3084299117326736}
[h264 @ 0x57e59785f440] mmco: unref short failure
[h264 @ 0x57e59785f440] mmco: unref short failure
[h264 @ 0x57e59785f440] mmco: unref short failure
[h264 @ 0x57e59785f440] mmco: unref short failure
[aac @ 0x56c44bc9bb00] Reserved bit set.
[aac @ 0x56c44bc9bb00] invalid band type
{"generator_updates": 23000, "discriminator_updates": 0, "microbatches": 184000, "stage": "reconstruction", "loss": 0.12236276268959045, "l1": 0.035194266587495804, "lpips": 0.08350563049316406, "feature": 0.0036628632806241512, "g_gan": 0.0, "gan_weight": 0.0, "g_grad_norm": 3.9288973808288574, "update_seconds": 1.344864591024816}
{"generator_updates": 23050, "discriminator_updates": 0, "microbatches": 184400, "stage": "reconstruction", "loss": 0.1007339209318161, "l1": 0.029514459893107414, "lpips": 0.06791180372238159, "feature": 0.003307665465399623, "g_gan": 0.0, "gan_weight": 0.0, "g_grad_norm": 7.318970680236816, "update_seconds": 1.2438428904861212}
{"generator_updates": 23100, "discriminator_updates": 0, "microbatches": 184800, "stage": "reconstruction", "loss": 0.10325964540243149, "l1": 0.03395170718431473, "lpips": 0.06611040979623795, "feature": 0.003197522833943367, "g_gan": 0.0, "gan_weight": 0.0, "g_grad_norm": 1.947893500328064, "update_seconds": 1.2733071641996503}
{"generator_updates": 23150, "discriminator_updates": 0, "microbatches": 185200, "stage": "reconstruction", "loss": 0.1359333097934723, "l1": 0.04114190861582756, "lpips": 0.090622678399086, "feature": 0.00416871951892972, "g_gan": 0.0, "gan_weight": 0.0, "g_grad_norm": 2.2723233699798584, "update_seconds": 1.2559205200523138}
[h264 @ 0x59d380cf1c40] mmco: unref short failure
[h264 @ 0x59d380cf1c40] mmco: unref short failure
{"generator_updates": 23200, "discriminator_updates": 0, "microbatches": 185600, "stage": "reconstruction", "loss": 0.0968850702047348, "l1": 0.03230714797973633, "lpips": 0.06072752922773361, "feature": 0.0038503927644342184, "g_gan": 0.0, "gan_weight": 0.0, "g_grad_norm": 9.913947105407715, "update_seconds": 1.2272585518658161}
[h264 @ 0x57457e3e9b80] mmco: unref short failure
[h264 @ 0x57457e3e9b80] mmco: unref short failure
[h264 @ 0x57457e3e9b80] mmco: unref short failure
[h264 @ 0x57457e3e9b80] mmco: unref short failure
{"generator_updates": 23250, "discriminator_updates": 0, "microbatches": 186000, "stage": "reconstruction", "loss": 0.14664220809936523, "l1": 0.04855462908744812, "lpips": 0.09462478756904602, "feature": 0.0034627835266292095, "g_gan": 0.0, "gan_weight": 0.0, "g_grad_norm": 2.6147539615631104, "update_seconds": 1.2093269173055887}
{"generator_updates": 23300, "discriminator_updates": 0, "microbatches": 186400, "stage": "reconstruction", "loss": 0.12370271980762482, "l1": 0.036097802221775055, "lpips": 0.08410561084747314, "feature": 0.003499315120279789, "g_gan": 0.0, "gan_weight": 0.0, "g_grad_norm": 10.676081657409668, "update_seconds": 1.2782627660781145}
{"generator_updates": 23350, "discriminator_updates": 0, "microbatches": 186800, "stage": "reconstruction", "loss": 0.12647297978401184, "l1": 0.04480300098657608, "lpips": 0.0784917026758194, "feature": 0.0031782870646566153, "g_gan": 0.0, "gan_weight": 0.0, "g_grad_norm": 1.3204567432403564, "update_seconds": 1.3183358628302813}
[h264 @ 0x57e5b4fdc640] mmco: unref short failure
[h264 @ 0x57e5b4fdc640] mmco: unref short failure
{"generator_updates": 23400, "discriminator_updates": 0, "microbatches": 187200, "stage": "reconstruction", "loss": 0.08509551733732224, "l1": 0.025614583864808083, "lpips": 0.05624864622950554, "feature": 0.0032322932966053486, "g_gan": 0.0, "gan_weight": 0.0, "g_grad_norm": 2.4131174087524414, "update_seconds": 1.188515642657876}
[h264 @ 0x57457e404200] mmco: unref short failure
{"generator_updates": 23450, "discriminator_updates": 0, "microbatches": 187600, "stage": "reconstruction", "loss": 0.1595345288515091, "l1": 0.04209889471530914, "lpips": 0.11383670568466187, "feature": 0.0035989279858767986, "g_gan": 0.0, "gan_weight": 0.0, "g_grad_norm": 6.7655839920043945, "update_seconds": 1.3658623872324824}
{"generator_updates": 23500, "discriminator_updates": 0, "microbatches": 188000, "stage": "reconstruction", "loss": 0.1380617320537567, "l1": 0.04092445224523544, "lpips": 0.0937490314245224, "feature": 0.003388242796063423, "g_gan": 0.0, "gan_weight": 0.0, "g_grad_norm": 9.100910186767578, "update_seconds": 1.2891257423907518}
[h264 @ 0x56c438a2d140] mmco: unref short failure
{"generator_updates": 23550, "discriminator_updates": 0, "microbatches": 188400, "stage": "reconstruction", "loss": 0.0878496766090393, "l1": 0.022228309884667397, "lpips": 0.062336307018995285, "feature": 0.003285060403868556, "g_gan": 0.0, "gan_weight": 0.0, "g_grad_norm": 17.745330810546875, "update_seconds": 1.2698917808011174}
[h264 @ 0x56c413ff32c0] mmco: unref short failure
{"generator_updates": 23600, "discriminator_updates": 0, "microbatches": 188800, "stage": "reconstruction", "loss": 0.09644410014152527, "l1": 0.02475048415362835, "lpips": 0.06819271296262741, "feature": 0.003500906750559807, "g_gan": 0.0, "gan_weight": 0.0, "g_grad_norm": 8.729585647583008, "update_seconds": 1.2835353873670101}
{"generator_updates": 23650, "discriminator_updates": 0, "microbatches": 189200, "stage": "reconstruction", "loss": 0.1446039080619812, "l1": 0.04813529551029205, "lpips": 0.0930444598197937, "feature": 0.0034241583198308945, "g_gan": 0.0, "gan_weight": 0.0, "g_grad_norm": 0.8583284616470337, "update_seconds": 1.3099405691027641}
{"generator_updates": 23700, "discriminator_updates": 0, "microbatches": 189600, "stage": "reconstruction", "loss": 0.10007312893867493, "l1": 0.031759291887283325, "lpips": 0.06515409797430038, "feature": 0.00315974373370409, "g_gan": 0.0, "gan_weight": 0.0, "g_grad_norm": 1.5247870683670044, "update_seconds": 1.2900447836145759}
{"generator_updates": 23750, "discriminator_updates": 0, "microbatches": 190000, "stage": "reconstruction", "loss": 0.11885099858045578, "l1": 0.032380588352680206, "lpips": 0.08322042971849442, "feature": 0.003249987494200468, "g_gan": 0.0, "gan_weight": 0.0, "g_grad_norm": 8.98444938659668, "update_seconds": 1.1852902378886938}
{"generator_updates": 23800, "discriminator_updates": 0, "microbatches": 190400, "stage": "reconstruction", "loss": 0.10143674165010452, "l1": 0.03257233649492264, "lpips": 0.06562957167625427, "feature": 0.003234835807234049, "g_gan": 0.0, "gan_weight": 0.0, "g_grad_norm": 1.6535297632217407, "update_seconds": 1.279657144099474}
[h264 @ 0x57e597be6040] mmco: unref short failure
[h264 @ 0x57e597be6040] mmco: unref short failure
[h264 @ 0x57e597be6040] mmco: unref short failure
[h264 @ 0x57e597be6040] mmco: unref short failure
{"generator_updates": 23850, "discriminator_updates": 0, "microbatches": 190800, "stage": "reconstruction", "loss": 0.09950794279575348, "l1": 0.03153520077466965, "lpips": 0.06437504291534424, "feature": 0.003597704228013754, "g_gan": 0.0, "gan_weight": 0.0, "g_grad_norm": 6.6970014572143555, "update_seconds": 1.2661749115213752}
{"generator_updates": 23900, "discriminator_updates": 0, "microbatches": 191200, "stage": "reconstruction", "loss": 0.10492978990077972, "l1": 0.03319645673036575, "lpips": 0.06853796541690826, "feature": 0.003195369616150856, "g_gan": 0.0, "gan_weight": 0.0, "g_grad_norm": 6.468042373657227, "update_seconds": 1.2653669510036707}
{"generator_updates": 23950, "discriminator_updates": 0, "microbatches": 191600, "stage": "reconstruction", "loss": 0.10221303999423981, "l1": 0.030690256506204605, "lpips": 0.06824737787246704, "feature": 0.0032754039857536554, "g_gan": 0.0, "gan_weight": 0.0, "g_grad_norm": 1.7577160596847534, "update_seconds": 1.1580762919038534}
[aac @ 0x59d380d4c380] Reserved bit set.
[aac @ 0x59d380d4c380] invalid band type
{"generator_updates": 24000, "discriminator_updates": 0, "microbatches": 192000, "stage": "reconstruction", "loss": 0.13851049542427063, "l1": 0.039455387741327286, "lpips": 0.09596402943134308, "feature": 0.0030910763889551163, "g_gan": 0.0, "gan_weight": 0.0, "g_grad_norm": 14.007123947143555, "update_seconds": 1.3376948004588485}
[h264 @ 0x574589d94040] mmco: unref short failure
[h264 @ 0x574589d94040] mmco: unref short failure
{"generator_updates": 24050, "discriminator_updates": 0, "microbatches": 192400, "stage": "reconstruction", "loss": 0.1429424285888672, "l1": 0.04352318495512009, "lpips": 0.0959814116358757, "feature": 0.003437839914113283, "g_gan": 0.0, "gan_weight": 0.0, "g_grad_norm": 5.8524909019470215, "update_seconds": 1.3148981826379895}
{"generator_updates": 24100, "discriminator_updates": 0, "microbatches": 192800, "stage": "reconstruction", "loss": 0.18901391327381134, "l1": 0.061170369386672974, "lpips": 0.12430837750434875, "feature": 0.0035351631231606007, "g_gan": 0.0, "gan_weight": 0.0, "g_grad_norm": 0.5815248489379883, "update_seconds": 1.378041073679924}
[h264 @ 0x59d37c110180] mmco: unref short failure
{"generator_updates": 24150, "discriminator_updates": 0, "microbatches": 193200, "stage": "reconstruction", "loss": 0.11533761769533157, "l1": 0.04201328754425049, "lpips": 0.07005804777145386, "feature": 0.003266288433223963, "g_gan": 0.0, "gan_weight": 0.0, "g_grad_norm": 1.1477329730987549, "update_seconds": 1.2579336753115058}
{"generator_updates": 24200, "discriminator_updates": 0, "microbatches": 193600, "stage": "reconstruction", "loss": 0.12785467505455017, "l1": 0.04048182815313339, "lpips": 0.08395498991012573, "feature": 0.0034178588539361954, "g_gan": 0.0, "gan_weight": 0.0, "g_grad_norm": 4.937341213226318, "update_seconds": 1.3504931554198265}
{"generator_updates": 24250, "discriminator_updates": 0, "microbatches": 194000, "stage": "reconstruction", "loss": 0.1756102293729782, "l1": 0.05680971220135689, "lpips": 0.11547190696001053, "feature": 0.0033286178950220346, "g_gan": 0.0, "gan_weight": 0.0, "g_grad_norm": 0.9012134671211243, "update_seconds": 1.3027169415727258}
[h264 @ 0x56c44bce9880] mmco: unref short failure
{"generator_updates": 24300, "discriminator_updates": 0, "microbatches": 194400, "stage": "reconstruction", "loss": 0.14040955901145935, "l1": 0.0433661974966526, "lpips": 0.09376663714647293, "feature": 0.0032767385710030794, "g_gan": 0.0, "gan_weight": 0.0, "g_grad_norm": 4.157500743865967, "update_seconds": 1.3156590666621923}
{"generator_updates": 24350, "discriminator_updates": 0, "microbatches": 194800, "stage": "reconstruction", "loss": 0.12533649802207947, "l1": 0.03603489696979523, "lpips": 0.08608219027519226, "feature": 0.003219418227672577, "g_gan": 0.0, "gan_weight": 0.0, "g_grad_norm": 9.043407440185547, "update_seconds": 1.2482699183747172}
{"generator_updates": 24400, "discriminator_updates": 0, "microbatches": 195200, "stage": "reconstruction", "loss": 0.11636166274547577, "l1": 0.03635215759277344, "lpips": 0.076067715883255, "feature": 0.0039417920634150505, "g_gan": 0.0, "gan_weight": 0.0, "g_grad_norm": 2.455939769744873, "update_seconds": 1.2713882066309452}
{"generator_updates": 24450, "discriminator_updates": 0, "microbatches": 195600, "stage": "reconstruction", "loss": 0.12630297243595123, "l1": 0.02961980178952217, "lpips": 0.09304703027009964, "feature": 0.0036361427046358585, "g_gan": 0.0, "gan_weight": 0.0, "g_grad_norm": 1.7448889017105103, "update_seconds": 1.237806680612266}
{"generator_updates": 24500, "discriminator_updates": 0, "microbatches": 196000, "stage": "reconstruction", "loss": 0.11809255182743073, "l1": 0.03706333786249161, "lpips": 0.07778128981590271, "feature": 0.0032479159999638796, "g_gan": 0.0, "gan_weight": 0.0, "g_grad_norm": 9.641409873962402, "update_seconds": 1.1481841476634145}
{"generator_updates": 24550, "discriminator_updates": 0, "microbatches": 196400, "stage": "reconstruction", "loss": 0.11823698878288269, "l1": 0.03446982055902481, "lpips": 0.08006185293197632, "feature": 0.003705316223204136, "g_gan": 0.0, "gan_weight": 0.0, "g_grad_norm": 5.925930976867676, "update_seconds": 1.2890140488743782}
[h264 @ 0x59d380dfbb40] mmco: unref short failure
[h264 @ 0x59d380dfbb40] mmco: unref short failure
[h264 @ 0x59d380dfbb40] mmco: unref short failure
[h264 @ 0x59d380dfbb40] mmco: unref short failure
[h264 @ 0x57458ba225c0] mmco: unref short failure
[h264 @ 0x57458ba225c0] mmco: unref short failure
[h264 @ 0x57458ba225c0] mmco: unref short failure
[h264 @ 0x57458ba225c0] mmco: unref short failure
{"generator_updates": 24600, "discriminator_updates": 0, "microbatches": 196800, "stage": "reconstruction", "loss": 0.15172523260116577, "l1": 0.042933542281389236, "lpips": 0.1054370254278183, "feature": 0.0033546695485711098, "g_gan": 0.0, "gan_weight": 0.0, "g_grad_norm": 3.54833722114563, "update_seconds": 1.2445027399808168}
{"generator_updates": 24650, "discriminator_updates": 0, "microbatches": 197200, "stage": "reconstruction", "loss": 0.14429625868797302, "l1": 0.04246344417333603, "lpips": 0.09877428412437439, "feature": 0.0030585385393351316, "g_gan": 0.0, "gan_weight": 0.0, "g_grad_norm": 6.669116973876953, "update_seconds": 1.2717365231364965}
[h264 @ 0x56c44bc3d180] mmco: unref short failure
{"generator_updates": 24700, "discriminator_updates": 0, "microbatches": 197600, "stage": "reconstruction", "loss": 0.15130934119224548, "l1": 0.052102796733379364, "lpips": 0.09591567516326904, "feature": 0.0032908718567341566, "g_gan": 0.0, "gan_weight": 0.0, "g_grad_norm": 1.526537537574768, "update_seconds": 1.2715932680293918}
{"generator_updates": 24750, "discriminator_updates": 0, "microbatches": 198000, "stage": "reconstruction", "loss": 0.13328807055950165, "l1": 0.04301606863737106, "lpips": 0.087090402841568, "feature": 0.0031815976835787296, "g_gan": 0.0, "gan_weight": 0.0, "g_grad_norm": 8.582743644714355, "update_seconds": 1.2236464992165565}
[h264 @ 0x59d37c1395c0] mmco: unref short failure
[h264 @ 0x59d37c1395c0] mmco: unref short failure
{"generator_updates": 24800, "discriminator_updates": 0, "microbatches": 198400, "stage": "reconstruction", "loss": 0.14526666700839996, "l1": 0.03863371163606644, "lpips": 0.10331099480390549, "feature": 0.0033219587057828903, "g_gan": 0.0, "gan_weight": 0.0, "g_grad_norm": 2.2346057891845703, "update_seconds": 1.2143018255010247}
[h264 @ 0x57e597bfdec0] mmco: unref short failure
{"generator_updates": 24850, "discriminator_updates": 0, "microbatches": 198800, "stage": "reconstruction", "loss": 0.12492694705724716, "l1": 0.0409405454993248, "lpips": 0.08026183396577835, "feature": 0.0037245657294988632, "g_gan": 0.0, "gan_weight": 0.0, "g_grad_norm": 2.7213611602783203, "update_seconds": 1.2241630107164383}
{"generator_updates": 24900, "discriminator_updates": 0, "microbatches": 199200, "stage": "reconstruction", "loss": 0.1401439905166626, "l1": 0.04702229052782059, "lpips": 0.08940644562244415, "feature": 0.0037152618169784546, "g_gan": 0.0, "gan_weight": 0.0, "g_grad_norm": 5.676530361175537, "update_seconds": 1.2910044780001044}
{"generator_updates": 24950, "discriminator_updates": 0, "microbatches": 199600, "stage": "reconstruction", "loss": 0.1220126748085022, "l1": 0.03877735882997513, "lpips": 0.08002442121505737, "feature": 0.00321089755743742, "g_gan": 0.0, "gan_weight": 0.0, "g_grad_norm": 2.5639569759368896, "update_seconds": 1.3631585715338588}
{"generator_updates": 25000, "discriminator_updates": 0, "microbatches": 200000, "stage": "reconstruction", "loss": 0.14219361543655396, "l1": 0.0378926545381546, "lpips": 0.10103023797273636, "feature": 0.003270728513598442, "g_gan": 0.0, "gan_weight": 0.0, "g_grad_norm": 3.2434427738189697, "update_seconds": 1.3610637579113245}
{"generator_updates": 25050, "discriminator_updates": 0, "microbatches": 200400, "stage": "reconstruction", "loss": 0.13533295691013336, "l1": 0.04190274700522423, "lpips": 0.0899890884757042, "feature": 0.003441127482801676, "g_gan": 0.0, "gan_weight": 0.0, "g_grad_norm": 4.186018943786621, "update_seconds": 1.2981210108846426}
[aac @ 0x57e5978e08c0] Reserved bit set.
[aac @ 0x57e5978e08c0] invalid band type
{"generator_updates": 25100, "discriminator_updates": 0, "microbatches": 200800, "stage": "reconstruction", "loss": 0.13824157416820526, "l1": 0.04878322407603264, "lpips": 0.08578789234161377, "feature": 0.003670457052066922, "g_gan": 0.0, "gan_weight": 0.0, "g_grad_norm": 2.634464979171753, "update_seconds": 1.2649639723822474}
{"generator_updates": 25150, "discriminator_updates": 0, "microbatches": 201200, "stage": "reconstruction", "loss": 0.1405959129333496, "l1": 0.03588790073990822, "lpips": 0.1015813797712326, "feature": 0.0031266368459910154, "g_gan": 0.0, "gan_weight": 0.0, "g_grad_norm": 8.188499450683594, "update_seconds": 1.3186692539602518}
[h264 @ 0x57e5a3220cc0] mmco: unref short failure
[h264 @ 0x57e5a3220cc0] mmco: unref short failure
